[09:49:00 INF] Server running on http://localhost:3000 
[09:49:02 INF] Server running on http://localhost:3000 
[09:49:06 INF] HTTP GET /cdha/room/Ph%C3%B2ng%20si%C3%AAu%20%C3%A2m%203 responded 304 in 65.5034 ms 
[09:49:06 INF] HTTP GET /logo_tam-minh-duc.png responded 304 in 2.1005 ms 
[09:49:06 INF] HTTP GET /logo_tam-minh-duc.png responded 304 in 0.7021 ms 
[09:55:36 INF] Server running on http://localhost:3000 
[09:55:41 INF] HTTP GET / responded 200 in 799.7381 ms 
[09:55:41 INF] HTTP GET /logo_tam-minh-duc.png responded 304 in 1.9715 ms 
[09:55:45 INF] HTTP GET /cdha responded 200 in 8.0131 ms 
[09:55:45 INF] HTTP GET /logo_tam-minh-duc.png responded 304 in 0.8741 ms 
[09:55:45 INF] HTTP GET /logo_tam-minh-duc.png responded 304 in 0.5935 ms 
[09:55:49 INF] HTTP GET /cdha responded 304 in 43.4226 ms 
[09:55:49 INF] HTTP GET /logo_tam-minh-duc.png responded 304 in 0.9874 ms 
[09:56:09 INF] HTTP GET /cdha responded 200 in 3.6368 ms 
[09:56:09 INF] HTTP GET /logo_tam-minh-duc.png responded 304 in 0.8498 ms 
[09:56:09 INF] HTTP GET /logo_tam-minh-duc.png responded 304 in 0.5263 ms 
[09:56:10 INF] HTTP GET /cdha/room/Ph%C3%B2ng%20si%C3%AAu%20%C3%A2m%203 responded 200 in 7.6861 ms 
[09:56:10 INF] HTTP GET /logo_tam-minh-duc.png responded 304 in 0.6422 ms 
[09:56:40 INF] HTTP GET /cdha/room/Ph%C3%B2ng%20si%C3%AAu%20%C3%A2m%203 responded 304 in 6.0967 ms 
[09:56:40 INF] HTTP GET /logo_tam-minh-duc.png responded 304 in 1.1381 ms 
[09:56:40 INF] HTTP GET /logo_tam-minh-duc.png responded 304 in 0.8322 ms 
[09:57:11 INF] HTTP GET /cdha/room/Ph%C3%B2ng%20si%C3%AAu%20%C3%A2m%203 responded 304 in 5.8112 ms 
[09:57:11 INF] HTTP GET /logo_tam-minh-duc.png responded 304 in 0.6945 ms 
[09:57:11 INF] HTTP GET /logo_tam-minh-duc.png responded 304 in 0.5716 ms 
[09:57:30 INF] HTTP GET /cdha/room/Ph%C3%B2ng%20si%C3%AAu%20%C3%A2m%203 responded 304 in 5.1439 ms 
[09:57:30 INF] HTTP GET /logo_tam-minh-duc.png responded 304 in 0.8309 ms 
[09:57:30 INF] HTTP GET /logo_tam-minh-duc.png responded 304 in 1.6728 ms 
[09:57:44 INF] HTTP GET /cdha/room/Ph%C3%B2ng%20si%C3%AAu%20%C3%A2m%203 responded 200 in 4.7286 ms 
[09:57:44 INF] HTTP GET /logo_tam-minh-duc.png responded 304 in 0.7431 ms 
[09:57:44 INF] HTTP GET /logo_tam-minh-duc.png responded 304 in 0.5103 ms 
[09:57:46 INF] HTTP GET /cdha/room/Ph%C3%B2ng%20si%C3%AAu%20%C3%A2m%203 responded 304 in 4.9535 ms 
[09:57:46 INF] HTTP GET /logo_tam-minh-duc.png responded 304 in 0.6803 ms 
[09:57:46 INF] HTTP GET /logo_tam-minh-duc.png responded 304 in 0.8550 ms 
[09:57:46 INF] HTTP GET /cdha/room/Ph%C3%B2ng%20si%C3%AAu%20%C3%A2m%203 responded 304 in 3.3736 ms 
[09:57:46 INF] HTTP GET /logo_tam-minh-duc.png responded 304 in 0.5551 ms 
[09:57:46 INF] HTTP GET /logo_tam-minh-duc.png responded 304 in 0.4854 ms 
[09:57:50 INF] HTTP GET /logo_tam-minh-duc.png responded 304 in 0.4963 ms 
[09:57:53 INF] HTTP GET /cdha/room/Ph%C3%B2ng%20si%C3%AAu%20%C3%A2m%203 responded 304 in 3.3436 ms 
[09:57:53 INF] HTTP GET /logo_tam-minh-duc.png responded 304 in 0.8233 ms 
[09:57:53 INF] HTTP GET /logo_tam-minh-duc.png responded 304 in 0.7973 ms 
[09:58:24 INF] HTTP GET /cdha/room/Ph%C3%B2ng%20si%C3%AAu%20%C3%A2m%203 responded 304 in 3.4401 ms 
[09:58:24 INF] HTTP GET /logo_tam-minh-duc.png responded 304 in 0.7105 ms 
[09:58:24 INF] HTTP GET /logo_tam-minh-duc.png responded 304 in 0.5678 ms 
[09:58:55 INF] HTTP GET /cdha/room/Ph%C3%B2ng%20si%C3%AAu%20%C3%A2m%203 responded 304 in 4.3383 ms 
[09:58:55 INF] HTTP GET /logo_tam-minh-duc.png responded 304 in 0.4893 ms 
[09:58:55 INF] HTTP GET /logo_tam-minh-duc.png responded 304 in 0.4157 ms 
[09:59:26 INF] HTTP GET /cdha/room/Ph%C3%B2ng%20si%C3%AAu%20%C3%A2m%203 responded 304 in 3.4969 ms 
[09:59:26 INF] HTTP GET /logo_tam-minh-duc.png responded 304 in 0.6702 ms 
[09:59:26 INF] HTTP GET /logo_tam-minh-duc.png responded 304 in 0.6531 ms 
[09:59:36 INF] Server running on http://localhost:3000 
[09:59:57 INF] HTTP GET /cdha/room/Ph%C3%B2ng%20si%C3%AAu%20%C3%A2m%203 responded 200 in 54.5319 ms 
[09:59:57 INF] HTTP GET /logo_tam-minh-duc.png responded 304 in 1.7336 ms 
[09:59:57 INF] HTTP GET /logo_tam-minh-duc.png responded 304 in 0.7444 ms 
[10:00:28 INF] HTTP GET /cdha/room/Ph%C3%B2ng%20si%C3%AAu%20%C3%A2m%203 responded 304 in 7.5975 ms 
[10:00:28 INF] HTTP GET /logo_tam-minh-duc.png responded 304 in 2.4653 ms 
[10:00:28 INF] HTTP GET /logo_tam-minh-duc.png responded 304 in 1.3785 ms 
[10:00:59 INF] HTTP GET /cdha/room/Ph%C3%B2ng%20si%C3%AAu%20%C3%A2m%203 responded 304 in 5.8530 ms 
[10:00:59 INF] HTTP GET /logo_tam-minh-duc.png responded 304 in 0.5983 ms 
[10:00:59 INF] HTTP GET /logo_tam-minh-duc.png responded 304 in 0.9972 ms 
[10:01:30 INF] HTTP GET /cdha/room/Ph%C3%B2ng%20si%C3%AAu%20%C3%A2m%203 responded 304 in 6.1317 ms 
[10:01:30 INF] HTTP GET /logo_tam-minh-duc.png responded 304 in 1.1768 ms 
[10:01:30 INF] HTTP GET /logo_tam-minh-duc.png responded 304 in 1.1392 ms 
[10:02:01 INF] HTTP GET /cdha/room/Ph%C3%B2ng%20si%C3%AAu%20%C3%A2m%203 responded 304 in 5.5144 ms 
[10:02:01 INF] HTTP GET /logo_tam-minh-duc.png responded 304 in 0.8894 ms 
[10:02:01 INF] HTTP GET /logo_tam-minh-duc.png responded 304 in 0.8311 ms 
[10:02:32 INF] HTTP GET /cdha/room/Ph%C3%B2ng%20si%C3%AAu%20%C3%A2m%203 responded 304 in 5.9196 ms 
[10:02:32 INF] HTTP GET /logo_tam-minh-duc.png responded 304 in 0.6673 ms 
[10:02:32 INF] HTTP GET /logo_tam-minh-duc.png responded 304 in 0.6028 ms 
[10:03:03 INF] HTTP GET /cdha/room/Ph%C3%B2ng%20si%C3%AAu%20%C3%A2m%203 responded 304 in 4.7025 ms 
[10:03:03 INF] HTTP GET /logo_tam-minh-duc.png responded 304 in 0.6174 ms 
[10:03:03 INF] HTTP GET /logo_tam-minh-duc.png responded 304 in 0.9733 ms 
[10:03:34 INF] HTTP GET /cdha/room/Ph%C3%B2ng%20si%C3%AAu%20%C3%A2m%203 responded 304 in 4.0818 ms 
[10:03:34 INF] HTTP GET /logo_tam-minh-duc.png responded 304 in 0.5631 ms 
[10:03:34 INF] HTTP GET /logo_tam-minh-duc.png responded 304 in 0.5873 ms 
[10:04:05 INF] HTTP GET /cdha/room/Ph%C3%B2ng%20si%C3%AAu%20%C3%A2m%203 responded 304 in 5.1081 ms 
[10:04:05 INF] HTTP GET /logo_tam-minh-duc.png responded 304 in 0.6912 ms 
[10:04:05 INF] HTTP GET /logo_tam-minh-duc.png responded 304 in 0.6157 ms 
[10:04:36 INF] HTTP GET /cdha/room/Ph%C3%B2ng%20si%C3%AAu%20%C3%A2m%203 responded 304 in 4.7561 ms 
[10:04:36 INF] HTTP GET /logo_tam-minh-duc.png responded 304 in 0.7830 ms 
[10:04:36 INF] HTTP GET /logo_tam-minh-duc.png responded 304 in 0.6784 ms 
[10:05:07 INF] HTTP GET /cdha/room/Ph%C3%B2ng%20si%C3%AAu%20%C3%A2m%203 responded 304 in 57.4069 ms 
[10:05:07 INF] HTTP GET /logo_tam-minh-duc.png responded 304 in 0.6921 ms 
[10:05:07 INF] HTTP GET /logo_tam-minh-duc.png responded 304 in 0.6709 ms 
[10:05:38 INF] HTTP GET /cdha/room/Ph%C3%B2ng%20si%C3%AAu%20%C3%A2m%203 responded 304 in 5.8977 ms 
[10:05:38 INF] HTTP GET /logo_tam-minh-duc.png responded 304 in 0.6172 ms 
[10:05:38 INF] HTTP GET /logo_tam-minh-duc.png responded 304 in 0.5541 ms 
[10:06:08 INF] HTTP GET /cdha/room/Ph%C3%B2ng%20si%C3%AAu%20%C3%A2m%203 responded 304 in 6.0457 ms 
[10:06:08 INF] HTTP GET /logo_tam-minh-duc.png responded 304 in 0.6745 ms 
[10:06:08 INF] HTTP GET /logo_tam-minh-duc.png responded 304 in 0.6301 ms 
[10:06:19 INF] Server running on http://localhost:3000 
[10:06:39 INF] HTTP GET /cdha/room/Ph%C3%B2ng%20si%C3%AAu%20%C3%A2m%203 responded 304 in 59.8159 ms 
[10:06:39 INF] HTTP GET /logo_tam-minh-duc.png responded 304 in 1.2654 ms 
[10:06:39 INF] HTTP GET /logo_tam-minh-duc.png responded 304 in 0.8597 ms 
[10:07:10 INF] HTTP GET /cdha/room/Ph%C3%B2ng%20si%C3%AAu%20%C3%A2m%203 responded 304 in 8.1779 ms 
[10:07:10 INF] HTTP GET /logo_tam-minh-duc.png responded 304 in 0.8601 ms 
[10:07:10 INF] HTTP GET /logo_tam-minh-duc.png responded 304 in 0.7187 ms 
[10:07:41 INF] HTTP GET /cdha/room/Ph%C3%B2ng%20si%C3%AAu%20%C3%A2m%203 responded 304 in 5.6021 ms 
[10:07:41 INF] HTTP GET /logo_tam-minh-duc.png responded 304 in 0.6442 ms 
[10:07:41 INF] HTTP GET /logo_tam-minh-duc.png responded 304 in 0.9126 ms 
[10:08:08 INF] Server running on http://localhost:3000 
[10:08:12 INF] HTTP GET /cdha/room/Ph%C3%B2ng%20si%C3%AAu%20%C3%A2m%203 responded 304 in 66.0200 ms 
[10:08:12 INF] HTTP GET /logo_tam-minh-duc.png responded 304 in 1.3664 ms 
[10:08:12 INF] HTTP GET /logo_tam-minh-duc.png responded 304 in 1.0563 ms 
[10:08:13 INF] HTTP GET /cdha/room/Ph%C3%B2ng%20si%C3%AAu%20%C3%A2m%203 responded 304 in 5.2343 ms 
[10:08:13 INF] HTTP GET /logo_tam-minh-duc.png responded 304 in 0.8055 ms 
[10:08:13 INF] HTTP GET /logo_tam-minh-duc.png responded 304 in 0.6010 ms 
[10:08:16 INF] HTTP GET /logo_tam-minh-duc.png responded 304 in 0.8332 ms 
[10:08:16 INF] HTTP POST /api/tts responded 500 in 440.7436 ms 
[10:08:43 INF] HTTP GET /cdha/room/Ph%C3%B2ng%20si%C3%AAu%20%C3%A2m%203 responded 304 in 7.1386 ms 
[10:08:43 INF] HTTP GET /logo_tam-minh-duc.png responded 304 in 1.5823 ms 
[10:08:43 INF] HTTP GET /logo_tam-minh-duc.png responded 304 in 0.6146 ms 
[10:09:03 INF] HTTP GET /logo_tam-minh-duc.png responded 304 in 0.6288 ms 
[10:09:03 INF] HTTP POST /api/tts responded 200 in 781.0514 ms 
[10:09:13 INF] HTTP GET /cdha/room/Ph%C3%B2ng%20si%C3%AAu%20%C3%A2m%203 responded 304 in 6.2106 ms 
[10:09:13 INF] HTTP GET /logo_tam-minh-duc.png responded 304 in 1.1152 ms 
[10:09:14 INF] HTTP GET /logo_tam-minh-duc.png responded 304 in 0.9073 ms 
[10:09:30 INF] HTTP GET /logo_tam-minh-duc.png responded 304 in 0.5004 ms 
[10:09:31 INF] HTTP POST /api/tts responded 200 in 805.6897 ms 
[10:09:44 INF] HTTP GET /cdha/room/Ph%C3%B2ng%20si%C3%AAu%20%C3%A2m%203 responded 304 in 5.9625 ms 
[10:09:44 INF] HTTP GET /logo_tam-minh-duc.png responded 304 in 0.8174 ms 
[10:09:44 INF] HTTP GET /logo_tam-minh-duc.png responded 304 in 0.9034 ms 
[10:10:10 INF] HTTP GET /logo_tam-minh-duc.png responded 304 in 0.5222 ms 
[10:10:11 INF] HTTP POST /api/tts responded 200 in 782.6382 ms 
[10:10:14 INF] HTTP GET /cdha/room/Ph%C3%B2ng%20si%C3%AAu%20%C3%A2m%203 responded 304 in 4.8848 ms 
[10:10:14 INF] HTTP GET /logo_tam-minh-duc.png responded 304 in 0.6414 ms 
[10:10:14 INF] HTTP GET /logo_tam-minh-duc.png responded 304 in 0.7764 ms 
[10:10:45 INF] HTTP GET /cdha/room/Ph%C3%B2ng%20si%C3%AAu%20%C3%A2m%203 responded 304 in 4.2054 ms 
[10:10:45 INF] HTTP GET /logo_tam-minh-duc.png responded 304 in 0.6047 ms 
[10:10:45 INF] HTTP GET /logo_tam-minh-duc.png responded 304 in 0.5960 ms 
[10:11:16 INF] HTTP GET /cdha/room/Ph%C3%B2ng%20si%C3%AAu%20%C3%A2m%203 responded 304 in 4.3993 ms 
[10:11:16 INF] HTTP GET /logo_tam-minh-duc.png responded 304 in 0.4230 ms 
[10:11:16 INF] HTTP GET /logo_tam-minh-duc.png responded 304 in 1.2022 ms 
[10:11:47 INF] HTTP GET /cdha/room/Ph%C3%B2ng%20si%C3%AAu%20%C3%A2m%203 responded 304 in 4.7591 ms 
[10:11:47 INF] HTTP GET /logo_tam-minh-duc.png responded 304 in 0.5398 ms 
[10:11:47 INF] HTTP GET /logo_tam-minh-duc.png responded 304 in 0.4322 ms 
[10:12:18 INF] HTTP GET /cdha/room/Ph%C3%B2ng%20si%C3%AAu%20%C3%A2m%203 responded 304 in 3.9678 ms 
[10:12:18 INF] HTTP GET /logo_tam-minh-duc.png responded 304 in 0.5623 ms 
[10:12:18 INF] HTTP GET /logo_tam-minh-duc.png responded 304 in 0.4167 ms 
[10:12:49 INF] HTTP GET /cdha/room/Ph%C3%B2ng%20si%C3%AAu%20%C3%A2m%203 responded 304 in 4.4185 ms 
[10:12:49 INF] HTTP GET /logo_tam-minh-duc.png responded 304 in 0.5229 ms 
[10:12:49 INF] HTTP GET /logo_tam-minh-duc.png responded 304 in 0.6797 ms 
[10:13:20 INF] HTTP GET /cdha/room/Ph%C3%B2ng%20si%C3%AAu%20%C3%A2m%203 responded 304 in 50.2460 ms 
[10:13:20 INF] HTTP GET /logo_tam-minh-duc.png responded 304 in 0.4847 ms 
[10:13:20 INF] HTTP GET /logo_tam-minh-duc.png responded 304 in 0.5279 ms 
[10:13:51 INF] HTTP GET /cdha/room/Ph%C3%B2ng%20si%C3%AAu%20%C3%A2m%203 responded 304 in 4.8907 ms 
[10:13:51 INF] HTTP GET /logo_tam-minh-duc.png responded 304 in 0.5597 ms 
[10:13:51 INF] HTTP GET /logo_tam-minh-duc.png responded 304 in 0.5965 ms 
[10:14:22 INF] HTTP GET /cdha/room/Ph%C3%B2ng%20si%C3%AAu%20%C3%A2m%203 responded 304 in 5.5458 ms 
[10:14:22 INF] HTTP GET /logo_tam-minh-duc.png responded 304 in 0.5525 ms 
[10:14:22 INF] HTTP GET /logo_tam-minh-duc.png responded 304 in 0.5461 ms 
[10:14:53 INF] HTTP GET /cdha/room/Ph%C3%B2ng%20si%C3%AAu%20%C3%A2m%203 responded 304 in 5.9373 ms 
[10:14:53 INF] HTTP GET /logo_tam-minh-duc.png responded 304 in 0.7538 ms 
[10:14:53 INF] HTTP GET /logo_tam-minh-duc.png responded 304 in 1.0726 ms 
[10:15:24 INF] HTTP GET /cdha/room/Ph%C3%B2ng%20si%C3%AAu%20%C3%A2m%203 responded 304 in 5.3422 ms 
[10:15:24 INF] HTTP GET /logo_tam-minh-duc.png responded 304 in 0.5062 ms 
[10:15:24 INF] HTTP GET /logo_tam-minh-duc.png responded 304 in 0.6732 ms 
[10:15:55 INF] HTTP GET /cdha/room/Ph%C3%B2ng%20si%C3%AAu%20%C3%A2m%203 responded 304 in 4.8639 ms 
[10:15:55 INF] HTTP GET /logo_tam-minh-duc.png responded 304 in 0.4754 ms 
[10:15:55 INF] HTTP GET /logo_tam-minh-duc.png responded 304 in 0.4175 ms 
[10:16:26 INF] HTTP GET /cdha/room/Ph%C3%B2ng%20si%C3%AAu%20%C3%A2m%203 responded 304 in 4.1841 ms 
[10:16:26 INF] HTTP GET /logo_tam-minh-duc.png responded 304 in 0.6132 ms 
[10:16:26 INF] HTTP GET /logo_tam-minh-duc.png responded 304 in 0.6627 ms 
[10:16:57 INF] HTTP GET /cdha/room/Ph%C3%B2ng%20si%C3%AAu%20%C3%A2m%203 responded 304 in 5.4686 ms 
[10:16:57 INF] HTTP GET /logo_tam-minh-duc.png responded 304 in 0.5202 ms 
[10:16:57 INF] HTTP GET /logo_tam-minh-duc.png responded 304 in 0.4775 ms 
[10:17:28 INF] HTTP GET /cdha/room/Ph%C3%B2ng%20si%C3%AAu%20%C3%A2m%203 responded 304 in 3.2737 ms 
[10:17:28 INF] HTTP GET /logo_tam-minh-duc.png responded 304 in 0.6443 ms 
[10:17:28 INF] HTTP GET /logo_tam-minh-duc.png responded 304 in 0.4122 ms 
[10:17:59 INF] HTTP GET /cdha/room/Ph%C3%B2ng%20si%C3%AAu%20%C3%A2m%203 responded 304 in 4.1145 ms 
[10:17:59 INF] HTTP GET /logo_tam-minh-duc.png responded 304 in 0.6508 ms 
[10:17:59 INF] HTTP GET /logo_tam-minh-duc.png responded 304 in 0.7648 ms 
[10:18:30 INF] HTTP GET /cdha/room/Ph%C3%B2ng%20si%C3%AAu%20%C3%A2m%203 responded 304 in 53.1325 ms 
[10:18:30 INF] HTTP GET /logo_tam-minh-duc.png responded 304 in 0.6272 ms 
[10:18:30 INF] HTTP GET /logo_tam-minh-duc.png responded 304 in 0.6614 ms 
[10:19:01 INF] HTTP GET /cdha/room/Ph%C3%B2ng%20si%C3%AAu%20%C3%A2m%203 responded 304 in 5.2850 ms 
[10:19:01 INF] HTTP GET /logo_tam-minh-duc.png responded 304 in 0.6408 ms 
[10:19:01 INF] HTTP GET /logo_tam-minh-duc.png responded 304 in 0.7222 ms 
[10:19:32 INF] HTTP GET /cdha/room/Ph%C3%B2ng%20si%C3%AAu%20%C3%A2m%203 responded 304 in 5.8268 ms 
[10:19:32 INF] HTTP GET /logo_tam-minh-duc.png responded 304 in 0.6949 ms 
[10:19:32 INF] HTTP GET /logo_tam-minh-duc.png responded 304 in 0.5840 ms 
[10:19:58 INF] HTTP GET /logo_tam-minh-duc.png responded 304 in 0.4604 ms 
[10:19:59 INF] HTTP POST /api/tts responded 200 in 795.1448 ms 
[10:20:02 INF] HTTP GET /cdha/room/Ph%C3%B2ng%20si%C3%AAu%20%C3%A2m%203 responded 304 in 5.4875 ms 
[10:20:02 INF] HTTP GET /logo_tam-minh-duc.png responded 304 in 0.9717 ms 
[10:20:02 INF] HTTP GET /logo_tam-minh-duc.png responded 304 in 0.9932 ms 
[10:20:33 INF] HTTP GET /cdha/room/Ph%C3%B2ng%20si%C3%AAu%20%C3%A2m%203 responded 304 in 5.2547 ms 
[10:20:33 INF] HTTP GET /logo_tam-minh-duc.png responded 304 in 0.5207 ms 
[10:20:33 INF] HTTP GET /logo_tam-minh-duc.png responded 304 in 0.7110 ms 
[10:21:04 INF] HTTP GET /cdha/room/Ph%C3%B2ng%20si%C3%AAu%20%C3%A2m%203 responded 304 in 6.4319 ms 
[10:21:04 INF] HTTP GET /logo_tam-minh-duc.png responded 304 in 0.8394 ms 
[10:21:04 INF] HTTP GET /logo_tam-minh-duc.png responded 304 in 0.5927 ms 
[10:21:35 INF] HTTP GET /cdha/room/Ph%C3%B2ng%20si%C3%AAu%20%C3%A2m%203 responded 304 in 4.1592 ms 
[10:21:35 INF] HTTP GET /logo_tam-minh-duc.png responded 304 in 0.6559 ms 
[10:21:35 INF] HTTP GET /logo_tam-minh-duc.png responded 304 in 0.4696 ms 
[10:22:06 INF] HTTP GET /cdha/room/Ph%C3%B2ng%20si%C3%AAu%20%C3%A2m%203 responded 304 in 3.9398 ms 
[10:22:06 INF] HTTP GET /logo_tam-minh-duc.png responded 304 in 0.7126 ms 
[10:22:06 INF] HTTP GET /logo_tam-minh-duc.png responded 304 in 0.5813 ms 
[10:22:37 INF] HTTP GET /cdha/room/Ph%C3%B2ng%20si%C3%AAu%20%C3%A2m%203 responded 304 in 4.7378 ms 
[10:22:37 INF] HTTP GET /logo_tam-minh-duc.png responded 304 in 0.4902 ms 
[10:22:37 INF] HTTP GET /logo_tam-minh-duc.png responded 304 in 0.6003 ms 
[10:23:08 INF] HTTP GET /cdha/room/Ph%C3%B2ng%20si%C3%AAu%20%C3%A2m%203 responded 304 in 4.3552 ms 
[10:23:08 INF] HTTP GET /logo_tam-minh-duc.png responded 304 in 0.6499 ms 
[10:23:08 INF] HTTP GET /logo_tam-minh-duc.png responded 304 in 0.5073 ms 
[10:23:39 INF] HTTP GET /cdha/room/Ph%C3%B2ng%20si%C3%AAu%20%C3%A2m%203 responded 304 in 55.7148 ms 
[10:23:39 INF] HTTP GET /logo_tam-minh-duc.png responded 304 in 0.6455 ms 
[10:23:39 INF] HTTP GET /logo_tam-minh-duc.png responded 304 in 0.6664 ms 
[10:24:10 INF] HTTP GET /cdha/room/Ph%C3%B2ng%20si%C3%AAu%20%C3%A2m%203 responded 304 in 4.4565 ms 
[10:24:10 INF] HTTP GET /logo_tam-minh-duc.png responded 304 in 0.7310 ms 
[10:24:10 INF] HTTP GET /logo_tam-minh-duc.png responded 304 in 0.6803 ms 
[10:24:41 INF] HTTP GET /cdha/room/Ph%C3%B2ng%20si%C3%AAu%20%C3%A2m%203 responded 304 in 4.0031 ms 
[10:24:41 INF] HTTP GET /logo_tam-minh-duc.png responded 304 in 0.6224 ms 
[10:24:41 INF] HTTP GET /logo_tam-minh-duc.png responded 304 in 0.6216 ms 
[10:25:12 INF] HTTP GET /cdha/room/Ph%C3%B2ng%20si%C3%AAu%20%C3%A2m%203 responded 304 in 3.9261 ms 
[10:25:12 INF] HTTP GET /logo_tam-minh-duc.png responded 304 in 0.8107 ms 
[10:25:12 INF] HTTP GET /logo_tam-minh-duc.png responded 304 in 0.5369 ms 
[10:25:43 INF] HTTP GET /cdha/room/Ph%C3%B2ng%20si%C3%AAu%20%C3%A2m%203 responded 304 in 5.9492 ms 
[10:25:43 INF] HTTP GET /logo_tam-minh-duc.png responded 304 in 0.5293 ms 
[10:25:43 INF] HTTP GET /logo_tam-minh-duc.png responded 304 in 0.4353 ms 
[10:26:14 INF] HTTP GET /cdha/room/Ph%C3%B2ng%20si%C3%AAu%20%C3%A2m%203 responded 304 in 4.8967 ms 
[10:26:14 INF] HTTP GET /logo_tam-minh-duc.png responded 304 in 0.7123 ms 
[10:26:14 INF] HTTP GET /logo_tam-minh-duc.png responded 304 in 0.7113 ms 
[10:26:45 INF] HTTP GET /cdha/room/Ph%C3%B2ng%20si%C3%AAu%20%C3%A2m%203 responded 304 in 4.3429 ms 
[10:26:45 INF] HTTP GET /logo_tam-minh-duc.png responded 304 in 1.1745 ms 
[10:26:45 INF] HTTP GET /logo_tam-minh-duc.png responded 304 in 0.5688 ms 
[10:27:16 INF] HTTP GET /cdha/room/Ph%C3%B2ng%20si%C3%AAu%20%C3%A2m%203 responded 304 in 4.0022 ms 
[10:27:16 INF] HTTP GET /logo_tam-minh-duc.png responded 304 in 0.4580 ms 
[10:27:16 INF] HTTP GET /logo_tam-minh-duc.png responded 304 in 0.9480 ms 
[10:27:47 INF] HTTP GET /cdha/room/Ph%C3%B2ng%20si%C3%AAu%20%C3%A2m%203 responded 304 in 4.3678 ms 
[10:27:47 INF] HTTP GET /logo_tam-minh-duc.png responded 304 in 0.6203 ms 
[10:27:47 INF] HTTP GET /logo_tam-minh-duc.png responded 304 in 0.4628 ms 
[10:28:18 INF] HTTP GET /cdha/room/Ph%C3%B2ng%20si%C3%AAu%20%C3%A2m%203 responded 304 in 3.4777 ms 
[10:28:18 INF] HTTP GET /logo_tam-minh-duc.png responded 304 in 0.6680 ms 
[10:28:18 INF] HTTP GET /logo_tam-minh-duc.png responded 304 in 0.5885 ms 
[10:28:49 INF] HTTP GET /cdha/room/Ph%C3%B2ng%20si%C3%AAu%20%C3%A2m%203 responded 304 in 60.2872 ms 
[10:28:49 INF] HTTP GET /logo_tam-minh-duc.png responded 304 in 0.8933 ms 
[10:28:49 INF] HTTP GET /logo_tam-minh-duc.png responded 304 in 0.9712 ms 
[10:29:20 INF] HTTP GET /cdha/room/Ph%C3%B2ng%20si%C3%AAu%20%C3%A2m%203 responded 304 in 15.3456 ms 
[10:29:20 INF] HTTP GET /logo_tam-minh-duc.png responded 304 in 0.6668 ms 
[10:29:20 INF] HTTP GET /logo_tam-minh-duc.png responded 304 in 0.4703 ms 
[10:29:51 INF] HTTP GET /cdha/room/Ph%C3%B2ng%20si%C3%AAu%20%C3%A2m%203 responded 304 in 8.6447 ms 
[10:29:51 INF] HTTP GET /logo_tam-minh-duc.png responded 304 in 0.4335 ms 
[10:29:51 INF] HTTP GET /logo_tam-minh-duc.png responded 304 in 0.5616 ms 
[10:30:22 INF] HTTP GET /cdha/room/Ph%C3%B2ng%20si%C3%AAu%20%C3%A2m%203 responded 304 in 5.4065 ms 
[10:30:22 INF] HTTP GET /logo_tam-minh-duc.png responded 304 in 0.5646 ms 
[10:30:22 INF] HTTP GET /logo_tam-minh-duc.png responded 304 in 0.6135 ms 
[10:30:53 INF] HTTP GET /cdha/room/Ph%C3%B2ng%20si%C3%AAu%20%C3%A2m%203 responded 304 in 5.2828 ms 
[10:30:53 INF] HTTP GET /logo_tam-minh-duc.png responded 304 in 0.4543 ms 
[10:30:53 INF] HTTP GET /logo_tam-minh-duc.png responded 304 in 0.6718 ms 
[10:31:23 INF] HTTP GET /cdha/room/Ph%C3%B2ng%20si%C3%AAu%20%C3%A2m%203 responded 304 in 5.8054 ms 
[10:31:23 INF] HTTP GET /logo_tam-minh-duc.png responded 304 in 0.4825 ms 
[10:31:23 INF] HTTP GET /logo_tam-minh-duc.png responded 304 in 1.1086 ms 
[10:31:54 INF] HTTP GET /cdha/room/Ph%C3%B2ng%20si%C3%AAu%20%C3%A2m%203 responded 304 in 4.5732 ms 
[10:31:54 INF] HTTP GET /logo_tam-minh-duc.png responded 304 in 0.5748 ms 
[10:31:54 INF] HTTP GET /logo_tam-minh-duc.png responded 304 in 0.6376 ms 
[10:32:24 INF] HTTP GET /cdha/room/Ph%C3%B2ng%20si%C3%AAu%20%C3%A2m%203 responded 304 in 4.1777 ms 
[10:32:25 INF] HTTP GET /logo_tam-minh-duc.png responded 304 in 0.6127 ms 
[10:32:25 INF] HTTP GET /logo_tam-minh-duc.png responded 304 in 0.5165 ms 
[10:32:56 INF] HTTP GET /cdha/room/Ph%C3%B2ng%20si%C3%AAu%20%C3%A2m%203 responded 304 in 4.0315 ms 
[10:32:56 INF] HTTP GET /logo_tam-minh-duc.png responded 304 in 0.6132 ms 
[10:32:56 INF] HTTP GET /logo_tam-minh-duc.png responded 304 in 0.5644 ms 
[10:33:27 INF] HTTP GET /cdha/room/Ph%C3%B2ng%20si%C3%AAu%20%C3%A2m%203 responded 304 in 3.9229 ms 
[10:33:27 INF] HTTP GET /logo_tam-minh-duc.png responded 304 in 0.6945 ms 
[10:33:27 INF] HTTP GET /logo_tam-minh-duc.png responded 304 in 0.6158 ms 
[10:33:58 INF] HTTP GET /cdha/room/Ph%C3%B2ng%20si%C3%AAu%20%C3%A2m%203 responded 304 in 45.8708 ms 
[10:33:58 INF] HTTP GET /logo_tam-minh-duc.png responded 304 in 0.6354 ms 
[10:33:58 INF] HTTP GET /logo_tam-minh-duc.png responded 304 in 0.4656 ms 
[10:34:29 INF] HTTP GET /cdha/room/Ph%C3%B2ng%20si%C3%AAu%20%C3%A2m%203 responded 304 in 5.1510 ms 
[10:34:29 INF] HTTP GET /logo_tam-minh-duc.png responded 304 in 0.5253 ms 
[10:34:29 INF] HTTP GET /logo_tam-minh-duc.png responded 304 in 0.5608 ms 
[10:35:00 INF] HTTP GET /cdha/room/Ph%C3%B2ng%20si%C3%AAu%20%C3%A2m%203 responded 304 in 5.2517 ms 
[10:35:00 INF] HTTP GET /logo_tam-minh-duc.png responded 304 in 0.5371 ms 
[10:35:00 INF] HTTP GET /logo_tam-minh-duc.png responded 304 in 0.4794 ms 
[10:35:31 INF] HTTP GET /cdha/room/Ph%C3%B2ng%20si%C3%AAu%20%C3%A2m%203 responded 304 in 6.1665 ms 
[10:35:31 INF] HTTP GET /logo_tam-minh-duc.png responded 304 in 0.6274 ms 
[10:35:31 INF] HTTP GET /logo_tam-minh-duc.png responded 304 in 0.5476 ms 
[10:36:02 INF] HTTP GET /cdha/room/Ph%C3%B2ng%20si%C3%AAu%20%C3%A2m%203 responded 200 in 3.8416 ms 
[10:36:02 INF] HTTP GET /logo_tam-minh-duc.png responded 304 in 0.6080 ms 
[10:36:02 INF] HTTP GET /logo_tam-minh-duc.png responded 304 in 0.5993 ms 
[10:36:33 INF] HTTP GET /cdha/room/Ph%C3%B2ng%20si%C3%AAu%20%C3%A2m%203 responded 304 in 4.7381 ms 
[10:36:33 INF] HTTP GET /logo_tam-minh-duc.png responded 304 in 0.6141 ms 
[10:36:33 INF] HTTP GET /logo_tam-minh-duc.png responded 304 in 0.3730 ms 
[10:37:04 INF] HTTP GET /cdha/room/Ph%C3%B2ng%20si%C3%AAu%20%C3%A2m%203 responded 304 in 4.0868 ms 
[10:37:04 INF] HTTP GET /logo_tam-minh-duc.png responded 304 in 0.5184 ms 
[10:37:04 INF] HTTP GET /logo_tam-minh-duc.png responded 304 in 0.5647 ms 
[10:37:35 INF] HTTP GET /cdha/room/Ph%C3%B2ng%20si%C3%AAu%20%C3%A2m%203 responded 304 in 3.4196 ms 
[10:37:35 INF] HTTP GET /logo_tam-minh-duc.png responded 304 in 0.4479 ms 
[10:37:35 INF] HTTP GET /logo_tam-minh-duc.png responded 304 in 0.5456 ms 
[10:38:06 INF] HTTP GET /cdha/room/Ph%C3%B2ng%20si%C3%AAu%20%C3%A2m%203 responded 304 in 3.8392 ms 
[10:38:06 INF] HTTP GET /logo_tam-minh-duc.png responded 304 in 0.6383 ms 
[10:38:06 INF] HTTP GET /logo_tam-minh-duc.png responded 304 in 0.5225 ms 
[10:38:37 INF] HTTP GET /cdha/room/Ph%C3%B2ng%20si%C3%AAu%20%C3%A2m%203 responded 304 in 3.8911 ms 
[10:38:37 INF] HTTP GET /logo_tam-minh-duc.png responded 304 in 1.0149 ms 
[10:38:37 INF] HTTP GET /logo_tam-minh-duc.png responded 304 in 0.4799 ms 
[10:39:08 INF] HTTP GET /cdha/room/Ph%C3%B2ng%20si%C3%AAu%20%C3%A2m%203 responded 304 in 50.2431 ms 
[10:39:08 INF] HTTP GET /logo_tam-minh-duc.png responded 304 in 0.6578 ms 
[10:39:08 INF] HTTP GET /logo_tam-minh-duc.png responded 304 in 0.6814 ms 
[10:39:39 INF] HTTP GET /cdha/room/Ph%C3%B2ng%20si%C3%AAu%20%C3%A2m%203 responded 304 in 5.2754 ms 
[10:39:39 INF] HTTP GET /logo_tam-minh-duc.png responded 304 in 0.4430 ms 
[10:39:39 INF] HTTP GET /logo_tam-minh-duc.png responded 304 in 0.7089 ms 
[10:40:10 INF] HTTP GET /cdha/room/Ph%C3%B2ng%20si%C3%AAu%20%C3%A2m%203 responded 304 in 5.4135 ms 
[10:40:10 INF] HTTP GET /logo_tam-minh-duc.png responded 304 in 0.5733 ms 
[10:40:10 INF] HTTP GET /logo_tam-minh-duc.png responded 304 in 0.5833 ms 
[10:40:41 INF] HTTP GET /cdha/room/Ph%C3%B2ng%20si%C3%AAu%20%C3%A2m%203 responded 304 in 4.6786 ms 
[10:40:41 INF] HTTP GET /logo_tam-minh-duc.png responded 304 in 0.5153 ms 
[10:40:41 INF] HTTP GET /logo_tam-minh-duc.png responded 304 in 0.4730 ms 
[10:41:12 INF] HTTP GET /cdha/room/Ph%C3%B2ng%20si%C3%AAu%20%C3%A2m%203 responded 304 in 3.9430 ms 
[10:41:12 INF] HTTP GET /logo_tam-minh-duc.png responded 304 in 1.5774 ms 
[10:41:12 INF] HTTP GET /logo_tam-minh-duc.png responded 304 in 0.5517 ms 
[10:41:43 INF] HTTP GET /cdha/room/Ph%C3%B2ng%20si%C3%AAu%20%C3%A2m%203 responded 304 in 3.5750 ms 
[10:41:43 INF] HTTP GET /logo_tam-minh-duc.png responded 304 in 0.5569 ms 
[10:41:43 INF] HTTP GET /logo_tam-minh-duc.png responded 304 in 0.4879 ms 
[10:42:14 INF] HTTP GET /cdha/room/Ph%C3%B2ng%20si%C3%AAu%20%C3%A2m%203 responded 304 in 3.0594 ms 
[10:42:14 INF] HTTP GET /logo_tam-minh-duc.png responded 304 in 0.5132 ms 
[10:42:14 INF] HTTP GET /logo_tam-minh-duc.png responded 304 in 0.5305 ms 
[10:42:45 INF] HTTP GET /cdha/room/Ph%C3%B2ng%20si%C3%AAu%20%C3%A2m%203 responded 304 in 3.1316 ms 
[10:42:45 INF] HTTP GET /logo_tam-minh-duc.png responded 304 in 0.5287 ms 
[10:42:45 INF] HTTP GET /logo_tam-minh-duc.png responded 304 in 0.6365 ms 
[10:43:16 INF] HTTP GET /cdha/room/Ph%C3%B2ng%20si%C3%AAu%20%C3%A2m%203 responded 304 in 3.7933 ms 
[10:43:16 INF] HTTP GET /logo_tam-minh-duc.png responded 304 in 0.5333 ms 
[10:43:16 INF] HTTP GET /logo_tam-minh-duc.png responded 304 in 0.4361 ms 
[10:43:47 INF] HTTP GET /cdha/room/Ph%C3%B2ng%20si%C3%AAu%20%C3%A2m%203 responded 304 in 3.2489 ms 
[10:43:47 INF] HTTP GET /logo_tam-minh-duc.png responded 304 in 0.8380 ms 
[10:43:47 INF] HTTP GET /logo_tam-minh-duc.png responded 304 in 0.4169 ms 
[10:44:18 INF] HTTP GET /cdha/room/Ph%C3%B2ng%20si%C3%AAu%20%C3%A2m%203 responded 304 in 51.5497 ms 
[10:44:18 INF] HTTP GET /logo_tam-minh-duc.png responded 304 in 0.7507 ms 
[10:44:18 INF] HTTP GET /logo_tam-minh-duc.png responded 304 in 0.4607 ms 
[10:44:49 INF] HTTP GET /cdha/room/Ph%C3%B2ng%20si%C3%AAu%20%C3%A2m%203 responded 304 in 4.7590 ms 
[10:44:49 INF] HTTP GET /logo_tam-minh-duc.png responded 304 in 0.9757 ms 
[10:44:49 INF] HTTP GET /logo_tam-minh-duc.png responded 304 in 0.5226 ms 
[10:45:20 INF] HTTP GET /cdha/room/Ph%C3%B2ng%20si%C3%AAu%20%C3%A2m%203 responded 304 in 4.9107 ms 
[10:45:20 INF] HTTP GET /logo_tam-minh-duc.png responded 304 in 0.5947 ms 
[10:45:20 INF] HTTP GET /logo_tam-minh-duc.png responded 304 in 0.5230 ms 
[10:45:51 INF] HTTP GET /cdha/room/Ph%C3%B2ng%20si%C3%AAu%20%C3%A2m%203 responded 304 in 3.7387 ms 
[10:45:51 INF] HTTP GET /logo_tam-minh-duc.png responded 304 in 0.6812 ms 
[10:45:51 INF] HTTP GET /logo_tam-minh-duc.png responded 304 in 0.6360 ms 
[10:46:22 INF] HTTP GET /cdha/room/Ph%C3%B2ng%20si%C3%AAu%20%C3%A2m%203 responded 304 in 3.8868 ms 
[10:46:22 INF] HTTP GET /logo_tam-minh-duc.png responded 304 in 1.1576 ms 
[10:46:22 INF] HTTP GET /logo_tam-minh-duc.png responded 304 in 0.5398 ms 
[10:46:48 INF] HTTP GET /cdha/room/Ph%C3%B2ng%20si%C3%AAu%20%C3%A2m%203 responded 304 in 4.5254 ms 
[10:46:48 INF] HTTP GET /logo_tam-minh-duc.png responded 304 in 0.4479 ms 
[10:46:48 INF] HTTP GET /logo_tam-minh-duc.png responded 304 in 0.4142 ms 
[10:46:49 INF] HTTP GET /cdha/room/Ph%C3%B2ng%20si%C3%AAu%20%C3%A2m%203 responded 304 in 2.2400 ms 
[10:46:49 INF] HTTP GET /logo_tam-minh-duc.png responded 304 in 0.6212 ms 
[10:46:50 INF] HTTP GET /logo_tam-minh-duc.png responded 304 in 0.5346 ms 
[10:46:50 INF] HTTP GET /cdha/room/Ph%C3%B2ng%20si%C3%AAu%20%C3%A2m%203 responded 304 in 3.0584 ms 
[10:46:50 INF] HTTP GET /logo_tam-minh-duc.png responded 304 in 0.4641 ms 
[10:46:50 INF] HTTP GET /logo_tam-minh-duc.png responded 304 in 0.5117 ms 
[10:46:50 INF] HTTP GET /cdha/room/Ph%C3%B2ng%20si%C3%AAu%20%C3%A2m%203 responded 304 in 2.9755 ms 
[10:46:50 INF] HTTP GET /logo_tam-minh-duc.png responded 304 in 0.4962 ms 
[10:46:50 INF] HTTP GET /logo_tam-minh-duc.png responded 304 in 0.4858 ms 
[10:46:53 INF] HTTP GET /logo_tam-minh-duc.png responded 304 in 0.6031 ms 
[10:47:21 INF] HTTP GET /cdha/room/Ph%C3%B2ng%20si%C3%AAu%20%C3%A2m%203 responded 304 in 3.0728 ms 
[10:47:21 INF] HTTP GET /logo_tam-minh-duc.png responded 304 in 0.6172 ms 
[10:47:21 INF] HTTP GET /logo_tam-minh-duc.png responded 304 in 0.4556 ms 
[10:47:52 INF] HTTP GET /cdha/room/Ph%C3%B2ng%20si%C3%AAu%20%C3%A2m%203 responded 304 in 3.3957 ms 
[10:47:52 INF] HTTP GET /logo_tam-minh-duc.png responded 304 in 0.6017 ms 
[10:47:52 INF] HTTP GET /logo_tam-minh-duc.png responded 304 in 0.6769 ms 
[10:48:24 INF] HTTP GET /cdha/room/Ph%C3%B2ng%20si%C3%AAu%20%C3%A2m%203 responded 304 in 3.7274 ms 
[10:48:24 INF] HTTP GET /logo_tam-minh-duc.png responded 304 in 0.5089 ms 
[10:48:24 INF] HTTP GET /logo_tam-minh-duc.png responded 304 in 0.5583 ms 
[10:48:55 INF] HTTP GET /cdha/room/Ph%C3%B2ng%20si%C3%AAu%20%C3%A2m%203 responded 304 in 3.2559 ms 
[10:48:55 INF] HTTP GET /logo_tam-minh-duc.png responded 304 in 0.8657 ms 
[10:48:55 INF] HTTP GET /logo_tam-minh-duc.png responded 304 in 0.4654 ms 
[10:49:26 INF] HTTP GET /cdha/room/Ph%C3%B2ng%20si%C3%AAu%20%C3%A2m%203 responded 304 in 46.2710 ms 
[10:49:26 INF] HTTP GET /logo_tam-minh-duc.png responded 304 in 0.7290 ms 
[10:49:26 INF] HTTP GET /logo_tam-minh-duc.png responded 304 in 0.5991 ms 
[10:49:57 INF] HTTP GET /cdha/room/Ph%C3%B2ng%20si%C3%AAu%20%C3%A2m%203 responded 304 in 4.5441 ms 
[10:49:57 INF] HTTP GET /logo_tam-minh-duc.png responded 304 in 0.4338 ms 
[10:49:57 INF] HTTP GET /logo_tam-minh-duc.png responded 304 in 0.5578 ms 
[10:50:28 INF] HTTP GET /cdha/room/Ph%C3%B2ng%20si%C3%AAu%20%C3%A2m%203 responded 304 in 5.0354 ms 
[10:50:28 INF] HTTP GET /logo_tam-minh-duc.png responded 304 in 0.6442 ms 
[10:50:28 INF] HTTP GET /logo_tam-minh-duc.png responded 304 in 0.6144 ms 
[10:50:59 INF] HTTP GET /cdha/room/Ph%C3%B2ng%20si%C3%AAu%20%C3%A2m%203 responded 304 in 5.6431 ms 
[10:50:59 INF] HTTP GET /logo_tam-minh-duc.png responded 304 in 0.7824 ms 
[10:50:59 INF] HTTP GET /logo_tam-minh-duc.png responded 304 in 0.4262 ms 
[10:51:30 INF] HTTP GET /cdha/room/Ph%C3%B2ng%20si%C3%AAu%20%C3%A2m%203 responded 304 in 5.0756 ms 
[10:51:30 INF] HTTP GET /logo_tam-minh-duc.png responded 304 in 0.5204 ms 
[10:51:30 INF] HTTP GET /logo_tam-minh-duc.png responded 304 in 0.7085 ms 
[10:52:01 INF] HTTP GET /cdha/room/Ph%C3%B2ng%20si%C3%AAu%20%C3%A2m%203 responded 304 in 3.4980 ms 
[10:52:01 INF] HTTP GET /logo_tam-minh-duc.png responded 304 in 0.3803 ms 
[10:52:01 INF] HTTP GET /logo_tam-minh-duc.png responded 304 in 0.8610 ms 
[10:52:32 INF] HTTP GET /cdha/room/Ph%C3%B2ng%20si%C3%AAu%20%C3%A2m%203 responded 304 in 3.8047 ms 
[10:52:32 INF] HTTP GET /logo_tam-minh-duc.png responded 304 in 0.4915 ms 
[10:52:32 INF] HTTP GET /logo_tam-minh-duc.png responded 304 in 0.4402 ms 
[10:53:03 INF] HTTP GET /cdha/room/Ph%C3%B2ng%20si%C3%AAu%20%C3%A2m%203 responded 304 in 3.5459 ms 
[10:53:03 INF] HTTP GET /logo_tam-minh-duc.png responded 304 in 0.6155 ms 
[10:53:03 INF] HTTP GET /logo_tam-minh-duc.png responded 304 in 0.4069 ms 
[10:53:34 INF] HTTP GET /cdha/room/Ph%C3%B2ng%20si%C3%AAu%20%C3%A2m%203 responded 304 in 3.8397 ms 
[10:53:34 INF] HTTP GET /logo_tam-minh-duc.png responded 304 in 0.4902 ms 
[10:53:34 INF] HTTP GET /logo_tam-minh-duc.png responded 304 in 0.9268 ms 
[10:54:05 INF] HTTP GET /cdha/room/Ph%C3%B2ng%20si%C3%AAu%20%C3%A2m%203 responded 304 in 3.8434 ms 
[10:54:05 INF] HTTP GET /logo_tam-minh-duc.png responded 304 in 0.7453 ms 
[10:54:05 INF] HTTP GET /logo_tam-minh-duc.png responded 304 in 0.6044 ms 
[10:54:36 INF] HTTP GET /cdha/room/Ph%C3%B2ng%20si%C3%AAu%20%C3%A2m%203 responded 304 in 50.3314 ms 
[10:54:36 INF] HTTP GET /logo_tam-minh-duc.png responded 304 in 1.0767 ms 
[10:54:36 INF] HTTP GET /logo_tam-minh-duc.png responded 304 in 0.5211 ms 
[10:55:07 INF] HTTP GET /cdha/room/Ph%C3%B2ng%20si%C3%AAu%20%C3%A2m%203 responded 304 in 3.8459 ms 
[10:55:07 INF] HTTP GET /logo_tam-minh-duc.png responded 304 in 0.5254 ms 
[10:55:07 INF] HTTP GET /logo_tam-minh-duc.png responded 304 in 0.5112 ms 
[10:55:38 INF] HTTP GET /cdha/room/Ph%C3%B2ng%20si%C3%AAu%20%C3%A2m%203 responded 304 in 3.5451 ms 
[10:55:38 INF] HTTP GET /logo_tam-minh-duc.png responded 304 in 0.6891 ms 
[10:55:38 INF] HTTP GET /logo_tam-minh-duc.png responded 304 in 0.5261 ms 
[10:56:09 INF] HTTP GET /cdha/room/Ph%C3%B2ng%20si%C3%AAu%20%C3%A2m%203 responded 304 in 3.7103 ms 
[10:56:09 INF] HTTP GET /logo_tam-minh-duc.png responded 304 in 0.5351 ms 
[10:56:09 INF] HTTP GET /logo_tam-minh-duc.png responded 304 in 0.4769 ms 
[10:56:40 INF] HTTP GET /cdha/room/Ph%C3%B2ng%20si%C3%AAu%20%C3%A2m%203 responded 304 in 4.9137 ms 
[10:56:40 INF] HTTP GET /logo_tam-minh-duc.png responded 304 in 1.0642 ms 
[10:56:40 INF] HTTP GET /logo_tam-minh-duc.png responded 304 in 0.5603 ms 
[10:57:11 INF] HTTP GET /cdha/room/Ph%C3%B2ng%20si%C3%AAu%20%C3%A2m%203 responded 304 in 3.9505 ms 
[10:57:11 INF] HTTP GET /logo_tam-minh-duc.png responded 304 in 0.7141 ms 
[10:57:11 INF] HTTP GET /logo_tam-minh-duc.png responded 304 in 0.4687 ms 
[10:57:42 INF] HTTP GET /cdha/room/Ph%C3%B2ng%20si%C3%AAu%20%C3%A2m%203 responded 304 in 3.7824 ms 
[10:57:42 INF] HTTP GET /logo_tam-minh-duc.png responded 304 in 0.7529 ms 
[10:57:42 INF] HTTP GET /logo_tam-minh-duc.png responded 304 in 0.5722 ms 
[10:58:13 INF] HTTP GET /cdha/room/Ph%C3%B2ng%20si%C3%AAu%20%C3%A2m%203 responded 304 in 3.8944 ms 
[10:58:13 INF] HTTP GET /logo_tam-minh-duc.png responded 304 in 0.5866 ms 
[10:58:13 INF] HTTP GET /logo_tam-minh-duc.png responded 304 in 0.6835 ms 
[10:58:44 INF] HTTP GET /cdha/room/Ph%C3%B2ng%20si%C3%AAu%20%C3%A2m%203 responded 304 in 3.2949 ms 
[10:58:44 INF] HTTP GET /logo_tam-minh-duc.png responded 304 in 0.6045 ms 
[10:58:44 INF] HTTP GET /logo_tam-minh-duc.png responded 304 in 0.5259 ms 
[10:59:15 INF] HTTP GET /cdha/room/Ph%C3%B2ng%20si%C3%AAu%20%C3%A2m%203 responded 304 in 3.7262 ms 
[10:59:15 INF] HTTP GET /logo_tam-minh-duc.png responded 304 in 0.6807 ms 
[10:59:15 INF] HTTP GET /logo_tam-minh-duc.png responded 304 in 0.4575 ms 
[10:59:46 INF] HTTP GET /cdha/room/Ph%C3%B2ng%20si%C3%AAu%20%C3%A2m%203 responded 304 in 65.8898 ms 
[10:59:46 INF] HTTP GET /logo_tam-minh-duc.png responded 304 in 0.8749 ms 
[10:59:46 INF] HTTP GET /logo_tam-minh-duc.png responded 304 in 0.4357 ms 
[11:00:17 INF] HTTP GET /cdha/room/Ph%C3%B2ng%20si%C3%AAu%20%C3%A2m%203 responded 304 in 49.6636 ms 
[11:00:17 INF] HTTP GET /logo_tam-minh-duc.png responded 304 in 0.6472 ms 
[11:00:17 INF] HTTP GET /logo_tam-minh-duc.png responded 304 in 0.4141 ms 
[11:00:48 INF] HTTP GET /cdha/room/Ph%C3%B2ng%20si%C3%AAu%20%C3%A2m%203 responded 304 in 5.2462 ms 
[11:00:48 INF] HTTP GET /logo_tam-minh-duc.png responded 304 in 0.5648 ms 
[11:00:48 INF] HTTP GET /logo_tam-minh-duc.png responded 304 in 0.5307 ms 
[11:01:19 INF] HTTP GET /cdha/room/Ph%C3%B2ng%20si%C3%AAu%20%C3%A2m%203 responded 304 in 5.4667 ms 
[11:01:19 INF] HTTP GET /logo_tam-minh-duc.png responded 304 in 0.7186 ms 
[11:01:19 INF] HTTP GET /logo_tam-minh-duc.png responded 304 in 0.6778 ms 
[11:01:50 INF] HTTP GET /cdha/room/Ph%C3%B2ng%20si%C3%AAu%20%C3%A2m%203 responded 304 in 5.0981 ms 
[11:01:50 INF] HTTP GET /logo_tam-minh-duc.png responded 304 in 1.2359 ms 
[11:01:50 INF] HTTP GET /logo_tam-minh-duc.png responded 304 in 0.4828 ms 
[11:02:21 INF] HTTP GET /cdha/room/Ph%C3%B2ng%20si%C3%AAu%20%C3%A2m%203 responded 304 in 4.9329 ms 
[11:02:21 INF] HTTP GET /logo_tam-minh-duc.png responded 304 in 0.5341 ms 
[11:02:21 INF] HTTP GET /logo_tam-minh-duc.png responded 304 in 0.4869 ms 
[11:02:52 INF] HTTP GET /cdha/room/Ph%C3%B2ng%20si%C3%AAu%20%C3%A2m%203 responded 304 in 3.7661 ms 
[11:02:52 INF] HTTP GET /logo_tam-minh-duc.png responded 304 in 0.6753 ms 
[11:02:52 INF] HTTP GET /logo_tam-minh-duc.png responded 304 in 0.4991 ms 
[11:03:23 INF] HTTP GET /cdha/room/Ph%C3%B2ng%20si%C3%AAu%20%C3%A2m%203 responded 304 in 3.7705 ms 
[11:03:23 INF] HTTP GET /logo_tam-minh-duc.png responded 304 in 0.5931 ms 
[11:03:23 INF] HTTP GET /logo_tam-minh-duc.png responded 304 in 0.5370 ms 
[11:03:54 INF] HTTP GET /cdha/room/Ph%C3%B2ng%20si%C3%AAu%20%C3%A2m%203 responded 304 in 3.7224 ms 
[11:03:54 INF] HTTP GET /logo_tam-minh-duc.png responded 304 in 0.4259 ms 
[11:03:54 INF] HTTP GET /logo_tam-minh-duc.png responded 304 in 0.4922 ms 
[11:04:25 INF] HTTP GET /cdha/room/Ph%C3%B2ng%20si%C3%AAu%20%C3%A2m%203 responded 304 in 3.4251 ms 
[11:04:25 INF] HTTP GET /logo_tam-minh-duc.png responded 304 in 1.1245 ms 
[11:04:25 INF] HTTP GET /logo_tam-minh-duc.png responded 304 in 0.6251 ms 
[11:04:56 INF] HTTP GET /cdha/room/Ph%C3%B2ng%20si%C3%AAu%20%C3%A2m%203 responded 304 in 57.4038 ms 
[11:04:56 INF] HTTP GET /logo_tam-minh-duc.png responded 304 in 0.7296 ms 
[11:04:56 INF] HTTP GET /logo_tam-minh-duc.png responded 304 in 0.4128 ms 
[11:05:27 INF] HTTP GET /cdha/room/Ph%C3%B2ng%20si%C3%AAu%20%C3%A2m%203 responded 304 in 4.3296 ms 
[11:05:27 INF] HTTP GET /logo_tam-minh-duc.png responded 304 in 0.9242 ms 
[11:05:27 INF] HTTP GET /logo_tam-minh-duc.png responded 304 in 0.4417 ms 
[11:05:58 INF] HTTP GET /cdha/room/Ph%C3%B2ng%20si%C3%AAu%20%C3%A2m%203 responded 304 in 5.1300 ms 
[11:05:58 INF] HTTP GET /logo_tam-minh-duc.png responded 304 in 0.5791 ms 
[11:05:58 INF] HTTP GET /logo_tam-minh-duc.png responded 304 in 0.7552 ms 
[11:06:29 INF] HTTP GET /cdha/room/Ph%C3%B2ng%20si%C3%AAu%20%C3%A2m%203 responded 304 in 5.9120 ms 
[11:06:29 INF] HTTP GET /logo_tam-minh-duc.png responded 304 in 0.4724 ms 
[11:06:29 INF] HTTP GET /logo_tam-minh-duc.png responded 304 in 0.3957 ms 
[11:07:00 INF] HTTP GET /cdha/room/Ph%C3%B2ng%20si%C3%AAu%20%C3%A2m%203 responded 304 in 6.3957 ms 
[11:07:00 INF] HTTP GET /logo_tam-minh-duc.png responded 304 in 0.9926 ms 
[11:07:00 INF] HTTP GET /logo_tam-minh-duc.png responded 304 in 0.5109 ms 
[11:07:31 INF] HTTP GET /cdha/room/Ph%C3%B2ng%20si%C3%AAu%20%C3%A2m%203 responded 304 in 4.9077 ms 
[11:07:31 INF] HTTP GET /logo_tam-minh-duc.png responded 304 in 0.5915 ms 
[11:07:31 INF] HTTP GET /logo_tam-minh-duc.png responded 304 in 0.9938 ms 
[11:08:02 INF] HTTP GET /cdha/room/Ph%C3%B2ng%20si%C3%AAu%20%C3%A2m%203 responded 304 in 3.4349 ms 
[11:08:02 INF] HTTP GET /logo_tam-minh-duc.png responded 304 in 0.5840 ms 
[11:08:02 INF] HTTP GET /logo_tam-minh-duc.png responded 304 in 0.4413 ms 
[11:08:33 INF] HTTP GET /cdha/room/Ph%C3%B2ng%20si%C3%AAu%20%C3%A2m%203 responded 304 in 3.7025 ms 
[11:08:33 INF] HTTP GET /logo_tam-minh-duc.png responded 304 in 0.4538 ms 
[11:08:33 INF] HTTP GET /logo_tam-minh-duc.png responded 304 in 0.4252 ms 
[11:09:04 INF] HTTP GET /cdha/room/Ph%C3%B2ng%20si%C3%AAu%20%C3%A2m%203 responded 200 in 4.6125 ms 
[11:09:04 INF] HTTP GET /logo_tam-minh-duc.png responded 304 in 0.5296 ms 
[11:09:04 INF] HTTP GET /logo_tam-minh-duc.png responded 304 in 0.4045 ms 
[11:09:16 INF] Server running on http://localhost:3000 
[11:09:19 INF] HTTP GET /cdha/room/Ph%C3%B2ng%20si%C3%AAu%20%C3%A2m%203 responded 304 in 58.7885 ms 
[11:09:19 INF] HTTP GET /logo_tam-minh-duc.png responded 304 in 1.1748 ms 
[11:09:19 INF] HTTP GET /logo_tam-minh-duc.png responded 304 in 0.9099 ms 
[11:09:28 INF] HTTP GET /cdha/room/Ph%C3%B2ng%20si%C3%AAu%20%C3%A2m%203 responded 200 in 6.2711 ms 
[11:09:28 INF] HTTP GET /logo_tam-minh-duc.png responded 304 in 0.7625 ms 
[11:09:28 INF] HTTP GET /logo_tam-minh-duc.png responded 304 in 0.6433 ms 
[11:09:38 INF] HTTP GET /logo_tam-minh-duc.png responded 304 in 1.0467 ms 
[11:09:48 INF] HTTP POST /api/tts responded 500 in 310.7135 ms 
[11:09:58 INF] HTTP GET /cdha/room/Ph%C3%B2ng%20si%C3%AAu%20%C3%A2m%203 responded 304 in 9.3780 ms 
[11:09:58 INF] HTTP GET /logo_tam-minh-duc.png responded 304 in 1.1880 ms 
[11:09:58 INF] HTTP GET /logo_tam-minh-duc.png responded 304 in 0.9139 ms 
[11:10:24 INF] HTTP GET /cdha/room/Ph%C3%B2ng%20si%C3%AAu%20%C3%A2m%203 responded 200 in 39.3604 ms 
[11:10:24 INF] HTTP GET /logo_tam-minh-duc.png responded 304 in 0.9708 ms 
[11:10:24 INF] HTTP GET /logo_tam-minh-duc.png responded 304 in 0.8409 ms 
[11:10:28 INF] HTTP GET /logo_tam-minh-duc.png responded 304 in 2.0414 ms 
[11:10:28 INF] HTTP POST /api/tts responded 500 in 310.8886 ms 
[11:10:30 INF] HTTP GET /cdha/room/Ph%C3%B2ng%20si%C3%AAu%20%C3%A2m%203 responded 304 in 5.2801 ms 
[11:10:30 INF] HTTP GET /logo_tam-minh-duc.png responded 304 in 0.7075 ms 
[11:10:30 INF] HTTP GET /logo_tam-minh-duc.png responded 304 in 0.7598 ms 
[11:10:41 INF] HTTP GET /cdha/room/Ph%C3%B2ng%20si%C3%AAu%20%C3%A2m%203 responded 304 in 4.8310 ms 
[11:10:41 INF] HTTP GET /logo_tam-minh-duc.png responded 304 in 0.7053 ms 
[11:10:41 INF] HTTP GET /logo_tam-minh-duc.png responded 304 in 0.6125 ms 
[11:10:45 INF] Server running on http://localhost:3000 
[11:10:46 INF] HTTP GET /cdha/room/Ph%C3%B2ng%20si%C3%AAu%20%C3%A2m%203 responded 304 in 59.8033 ms 
[11:10:46 INF] HTTP GET /logo_tam-minh-duc.png responded 304 in 1.6371 ms 
[11:10:46 INF] HTTP GET /logo_tam-minh-duc.png responded 304 in 0.6945 ms 
[11:10:48 INF] HTTP GET /logo_tam-minh-duc.png responded 304 in 0.8036 ms 
[11:10:48 INF] HTTP POST /api/tts responded 500 in 235.0554 ms 
[11:10:52 INF] HTTP GET /cdha/room/Ph%C3%B2ng%20si%C3%AAu%20%C3%A2m%203 responded 304 in 6.1912 ms 
[11:10:52 INF] HTTP GET /logo_tam-minh-duc.png responded 304 in 1.0123 ms 
[11:10:52 INF] HTTP GET /logo_tam-minh-duc.png responded 304 in 0.6812 ms 
[11:11:23 INF] HTTP GET /cdha/room/Ph%C3%B2ng%20si%C3%AAu%20%C3%A2m%203 responded 304 in 6.7709 ms 
[11:11:23 INF] HTTP GET /logo_tam-minh-duc.png responded 304 in 1.2526 ms 
[11:11:23 INF] HTTP GET /logo_tam-minh-duc.png responded 304 in 0.6681 ms 
[11:11:54 INF] HTTP GET /cdha/room/Ph%C3%B2ng%20si%C3%AAu%20%C3%A2m%203 responded 304 in 7.1538 ms 
[11:11:54 INF] HTTP GET /logo_tam-minh-duc.png responded 304 in 0.9368 ms 
[11:11:54 INF] HTTP GET /logo_tam-minh-duc.png responded 304 in 1.0041 ms 
[11:12:17 INF] Server running on http://localhost:3000 
[13:20:55 INF] Server running on http://localhost:30001 
[13:21:03 INF] Server running on http://localhost:3001 
[13:21:05 INF] HTTP GET / responded 200 in 744.4990 ms 
[13:21:05 INF] HTTP GET /logo_tam-minh-duc.png responded 200 in 4.8585 ms 
[13:21:06 INF] HTTP GET /favicon.ico responded 404 in 2.1014 ms 
[13:21:22 INF] HTTP GET / responded 304 in 619.0397 ms 
[13:21:22 INF] HTTP GET /logo_tam-minh-duc.png responded 304 in 1.2935 ms 
[13:21:24 INF] HTTP GET /cdha responded 200 in 39.5214 ms 
[13:21:24 INF] HTTP GET /logo_tam-minh-duc.png responded 304 in 1.0105 ms 
[13:21:25 INF] HTTP GET /logo_tam-minh-duc.png responded 304 in 0.8949 ms 
[13:21:26 INF] HTTP GET /cdha responded 304 in 6.1785 ms 
[13:21:26 INF] HTTP GET /logo_tam-minh-duc.png responded 304 in 1.0009 ms 
[13:21:53 INF] Server running on http://localhost:3001 
[13:21:53 INF] HTTP GET /cdha responded 500 in 63.9802 ms 
[13:21:58 INF] Server running on http://localhost:3001 
[13:21:58 INF] HTTP GET /cdha responded 200 in 139.2980 ms 
[13:21:58 INF] HTTP GET /logo_tam-minh-duc.png responded 304 in 1.9973 ms 
[13:21:58 INF] HTTP GET /logo_tam-minh-duc.png responded 304 in 0.7367 ms 
[13:22:01 INF] HTTP GET /cdha/room/Ph%C3%B2ng%20si%C3%AAu%20%C3%A2m%201 responded 200 in 83.4308 ms 
[13:22:01 INF] HTTP GET /logo_tam-minh-duc.png responded 304 in 0.8523 ms 
[13:22:16 INF] Server running on http://localhost:3001 
[13:22:17 INF] HTTP GET /cdha responded 304 in 63.5249 ms 
[13:22:17 INF] HTTP GET /logo_tam-minh-duc.png responded 304 in 1.4812 ms 
[13:22:17 INF] HTTP GET /logo_tam-minh-duc.png responded 304 in 0.8642 ms 
[13:22:17 INF] HTTP GET /cdha/room/Ph%C3%B2ng%20si%C3%AAu%20%C3%A2m%201 responded 200 in 13.2317 ms 
[13:22:17 INF] HTTP GET /logo_tam-minh-duc.png responded 304 in 0.8719 ms 
[13:22:23 INF] HTTP GET /logo_tam-minh-duc.png responded 304 in 0.9146 ms 
[13:22:23 INF] HTTP POST /api/tts responded 500 in 358.1160 ms 
[13:22:47 INF] HTTP GET /cdha/room/Ph%C3%B2ng%20si%C3%AAu%20%C3%A2m%201 responded 304 in 6.4324 ms 
[13:22:47 INF] HTTP GET /logo_tam-minh-duc.png responded 304 in 1.7911 ms 
[13:22:48 INF] HTTP GET /logo_tam-minh-duc.png responded 304 in 0.7750 ms 
[13:23:18 INF] HTTP GET /cdha/room/Ph%C3%B2ng%20si%C3%AAu%20%C3%A2m%201 responded 304 in 13.7111 ms 
[13:23:18 INF] HTTP GET /logo_tam-minh-duc.png responded 304 in 0.7563 ms 
[13:23:18 INF] HTTP GET /logo_tam-minh-duc.png responded 304 in 1.3579 ms 
[13:23:49 INF] HTTP GET /cdha/room/Ph%C3%B2ng%20si%C3%AAu%20%C3%A2m%201 responded 304 in 7.0563 ms 
[13:23:49 INF] HTTP GET /logo_tam-minh-duc.png responded 304 in 1.1000 ms 
[13:23:49 INF] HTTP GET /logo_tam-minh-duc.png responded 304 in 1.0059 ms 
[13:24:20 INF] HTTP GET /cdha/room/Ph%C3%B2ng%20si%C3%AAu%20%C3%A2m%201 responded 304 in 7.0307 ms 
[13:24:20 INF] HTTP GET /logo_tam-minh-duc.png responded 304 in 1.0754 ms 
[13:24:21 INF] Server running on http://localhost:3001 
[13:24:21 INF] HTTP GET /logo_tam-minh-duc.png responded 304 in 3.0413 ms 
[13:24:44 INF] Server running on http://localhost:3001 
[13:24:51 INF] HTTP GET /cdha/room/Ph%C3%B2ng%20si%C3%AAu%20%C3%A2m%201 responded 304 in 60.3105 ms 
[13:24:51 INF] HTTP GET /logo_tam-minh-duc.png responded 304 in 1.5725 ms 
[13:24:51 INF] HTTP GET /logo_tam-minh-duc.png responded 304 in 0.7941 ms 
[13:25:20 INF] Server running on http://localhost:3001 
[13:25:22 INF] HTTP GET /cdha/room/Ph%C3%B2ng%20si%C3%AAu%20%C3%A2m%201 responded 304 in 53.7708 ms 
[13:25:22 INF] HTTP GET /logo_tam-minh-duc.png responded 304 in 1.4439 ms 
[13:25:22 INF] HTTP GET /logo_tam-minh-duc.png responded 304 in 0.8495 ms 
[13:25:33 INF] Server running on http://localhost:3001 
[13:25:53 INF] HTTP GET /cdha/room/Ph%C3%B2ng%20si%C3%AAu%20%C3%A2m%201 responded 304 in 178.4055 ms 
[13:25:53 INF] HTTP GET /logo_tam-minh-duc.png responded 304 in 1.9583 ms 
[13:25:54 INF] HTTP GET /logo_tam-minh-duc.png responded 304 in 1.3069 ms 
[13:26:04 INF] HTTP GET /cdha/room/Ph%C3%B2ng%20si%C3%AAu%20%C3%A2m%201 responded 304 in 8.4167 ms 
[13:26:04 INF] HTTP GET /logo_tam-minh-duc.png responded 304 in 1.4740 ms 
[13:26:04 INF] HTTP GET /logo_tam-minh-duc.png responded 304 in 0.9275 ms 
[13:26:05 INF] HTTP GET /logo_tam-minh-duc.png responded 304 in 1.1673 ms 
[13:26:06 INF] HTTP POST /api/tts responded 200 in 605.5205 ms 
[13:26:34 INF] HTTP GET /cdha/room/Ph%C3%B2ng%20si%C3%AAu%20%C3%A2m%201 responded 304 in 6.7458 ms 
[13:26:34 INF] HTTP GET /logo_tam-minh-duc.png responded 304 in 1.6527 ms 
[13:26:34 INF] HTTP GET /logo_tam-minh-duc.png responded 304 in 1.1533 ms 
[13:27:05 INF] HTTP GET /cdha/room/Ph%C3%B2ng%20si%C3%AAu%20%C3%A2m%201 responded 304 in 8.2949 ms 
[13:27:05 INF] HTTP GET /logo_tam-minh-duc.png responded 304 in 1.0229 ms 
[13:27:05 INF] HTTP GET /logo_tam-minh-duc.png responded 304 in 0.8471 ms 
[13:27:22 INF] HTTP GET /cdha/room/Ph%C3%B2ng%20si%C3%AAu%20%C3%A2m%201 responded 304 in 6.8972 ms 
[13:27:22 INF] HTTP GET /logo_tam-minh-duc.png responded 304 in 0.7247 ms 
[13:27:22 INF] HTTP GET /logo_tam-minh-duc.png responded 304 in 1.3678 ms 
[13:27:28 INF] Server running on http://localhost:3001 
[13:27:30 INF] HTTP GET /logo_tam-minh-duc.png responded 304 in 2.9558 ms 
[13:27:31 INF] HTTP POST /api/tts responded 200 in 1713.2403 ms 
[13:27:52 INF] HTTP GET /cdha/room/Ph%C3%B2ng%20si%C3%AAu%20%C3%A2m%201 responded 304 in 59.2942 ms 
[13:27:52 INF] HTTP GET /logo_tam-minh-duc.png responded 304 in 1.1744 ms 
[13:27:52 INF] HTTP GET /logo_tam-minh-duc.png responded 304 in 0.8522 ms 
[13:28:23 INF] HTTP GET /cdha/room/Ph%C3%B2ng%20si%C3%AAu%20%C3%A2m%201 responded 304 in 8.0235 ms 
[13:28:23 INF] HTTP GET /logo_tam-minh-duc.png responded 304 in 1.0073 ms 
[13:28:23 INF] HTTP GET /logo_tam-minh-duc.png responded 304 in 0.8363 ms 
[13:28:54 INF] HTTP GET /cdha/room/Ph%C3%B2ng%20si%C3%AAu%20%C3%A2m%201 responded 304 in 7.6488 ms 
[13:28:54 INF] HTTP GET /logo_tam-minh-duc.png responded 304 in 0.9842 ms 
[13:28:54 INF] HTTP GET /logo_tam-minh-duc.png responded 304 in 0.7212 ms 
[13:29:18 INF] Server running on http://localhost:3001 
[13:29:25 INF] HTTP GET /cdha/room/Ph%C3%B2ng%20si%C3%AAu%20%C3%A2m%201 responded 304 in 70.1522 ms 
[13:29:25 INF] HTTP GET /logo_tam-minh-duc.png responded 304 in 1.9959 ms 
[13:29:25 INF] HTTP GET /logo_tam-minh-duc.png responded 304 in 0.9048 ms 
[13:29:56 INF] HTTP GET /cdha/room/Ph%C3%B2ng%20si%C3%AAu%20%C3%A2m%201 responded 304 in 8.5613 ms 
[13:29:56 INF] HTTP GET /logo_tam-minh-duc.png responded 304 in 1.0855 ms 
[13:29:56 INF] HTTP GET /logo_tam-minh-duc.png responded 304 in 0.6487 ms 
[13:30:18 INF] Server running on http://localhost:3001 
[13:30:27 INF] HTTP GET /cdha/room/Ph%C3%B2ng%20si%C3%AAu%20%C3%A2m%201 responded 304 in 65.5355 ms 
[13:30:27 INF] HTTP GET /logo_tam-minh-duc.png responded 304 in 1.7467 ms 
[13:30:27 INF] HTTP GET /logo_tam-minh-duc.png responded 304 in 0.8884 ms 
[13:30:58 INF] HTTP GET /cdha/room/Ph%C3%B2ng%20si%C3%AAu%20%C3%A2m%201 responded 304 in 7.6035 ms 
[13:30:58 INF] HTTP GET /logo_tam-minh-duc.png responded 304 in 1.1540 ms 
[13:30:58 INF] HTTP GET /logo_tam-minh-duc.png responded 304 in 0.6934 ms 
[13:31:10 INF] Server running on http://localhost:3001 
[13:31:13 INF] Server running on http://localhost:3001 
[13:31:16 INF] HTTP GET /logo_tam-minh-duc.png responded 304 in 2.9455 ms 
[13:31:17 INF] HTTP POST /api/tts responded 200 in 1383.9748 ms 
[13:31:28 INF] HTTP GET /cdha/room/Ph%C3%B2ng%20si%C3%AAu%20%C3%A2m%201 responded 304 in 72.8756 ms 
[13:31:28 INF] HTTP GET /logo_tam-minh-duc.png responded 304 in 0.9564 ms 
[13:31:29 INF] HTTP GET /logo_tam-minh-duc.png responded 304 in 1.6581 ms 
[13:31:34 INF] Server running on http://localhost:3001 
[13:31:36 INF] Server running on http://localhost:3001 
[13:31:42 INF] HTTP GET /logo_tam-minh-duc.png responded 304 in 2.9325 ms 
[13:31:43 INF] HTTP POST /api/tts responded 200 in 1343.5483 ms 
[13:31:59 INF] HTTP GET /cdha/room/Ph%C3%B2ng%20si%C3%AAu%20%C3%A2m%201 responded 304 in 64.1782 ms 
[13:31:59 INF] HTTP GET /logo_tam-minh-duc.png responded 304 in 0.9357 ms 
[13:31:59 INF] HTTP GET /logo_tam-minh-duc.png responded 304 in 1.1028 ms 
[13:32:11 INF] Server running on http://localhost:3001 
[13:32:20 INF] Server running on http://localhost:3001 
[13:32:23 INF] HTTP GET /logo_tam-minh-duc.png responded 304 in 3.6533 ms 
[13:32:24 INF] HTTP POST /api/tts responded 200 in 1498.1966 ms 
[13:32:29 INF] HTTP GET /cdha/room/Ph%C3%B2ng%20si%C3%AAu%20%C3%A2m%201 responded 500 in 61.5794 ms 
[13:33:01 INF] Server running on http://localhost:3001 
[13:33:02 INF] Server running on http://localhost:3001 
[13:33:11 INF] HTTP GET /cdha/room/Ph%C3%B2ng%20si%C3%AAu%20%C3%A2m%201 responded 500 in 72.8440 ms 
[13:33:12 INF] HTTP GET /logo_tam-minh-duc.png responded 304 in 1.7741 ms 
[13:33:12 INF] HTTP GET /cdha/room/Ph%C3%B2ng%20si%C3%AAu%20%C3%A2m%201 responded 500 in 7.1938 ms 
[13:33:18 INF] HTTP GET /cdha/room/Ph%C3%B2ng%20si%C3%AAu%20%C3%A2m%201 responded 500 in 11.4797 ms 
[13:33:52 INF] HTTP GET /cdha/room/Ph%C3%B2ng%20si%C3%AAu%20%C3%A2m%201 responded 200 in 7.0134 ms 
[13:33:52 INF] HTTP GET /logo_tam-minh-duc.png responded 304 in 1.0667 ms 
[13:33:56 INF] HTTP GET /logo_tam-minh-duc.png responded 304 in 0.7083 ms 
[13:33:57 INF] HTTP POST /api/tts responded 200 in 1636.7973 ms 
[13:34:09 INF] Server running on http://localhost:3001 
[13:34:21 INF] Server running on http://localhost:3001 
[13:34:23 INF] HTTP GET /cdha/room/Ph%C3%B2ng%20si%C3%AAu%20%C3%A2m%201 responded 304 in 63.3249 ms 
[13:34:23 INF] HTTP GET /logo_tam-minh-duc.png responded 304 in 1.7234 ms 
[13:34:23 INF] HTTP GET /logo_tam-minh-duc.png responded 304 in 0.7391 ms 
[13:34:28 INF] Server running on http://localhost:3001 
[13:34:32 INF] HTTP GET /cdha/room/Ph%C3%B2ng%20si%C3%AAu%20%C3%A2m%201 responded 304 in 58.4535 ms 
[13:34:32 INF] HTTP GET /logo_tam-minh-duc.png responded 304 in 1.5540 ms 
[13:34:32 INF] HTTP GET /logo_tam-minh-duc.png responded 304 in 1.5351 ms 
[13:34:35 INF] HTTP GET /logo_tam-minh-duc.png responded 304 in 0.6743 ms 
[13:34:36 INF] HTTP POST /api/tts responded 200 in 1801.0905 ms 
[13:34:45 INF] Server running on http://localhost:3001 
[13:34:47 INF] HTTP GET /cdha/room/Ph%C3%B2ng%20si%C3%AAu%20%C3%A2m%201 responded 304 in 62.7336 ms 
[13:34:47 INF] HTTP GET /logo_tam-minh-duc.png responded 304 in 1.6686 ms 
[13:34:47 INF] HTTP GET /logo_tam-minh-duc.png responded 304 in 0.7576 ms 
[13:34:49 INF] HTTP GET /logo_tam-minh-duc.png responded 304 in 0.9602 ms 
[13:34:50 INF] HTTP POST /api/tts responded 200 in 1289.3516 ms 
[13:34:55 INF] Server running on http://localhost:3001 
[13:34:56 INF] HTTP GET /cdha/room/Ph%C3%B2ng%20si%C3%AAu%20%C3%A2m%201 responded 304 in 56.1679 ms 
[13:34:56 INF] HTTP GET /logo_tam-minh-duc.png responded 304 in 1.6750 ms 
[13:34:56 INF] HTTP GET /logo_tam-minh-duc.png responded 304 in 0.7693 ms 
[13:34:59 INF] HTTP GET /logo_tam-minh-duc.png responded 304 in 1.2516 ms 
[13:35:01 INF] HTTP POST /api/tts responded 200 in 1409.1362 ms 
[13:35:26 INF] HTTP GET /cdha/room/Ph%C3%B2ng%20si%C3%AAu%20%C3%A2m%201 responded 304 in 6.4902 ms 
[13:35:26 INF] HTTP GET /logo_tam-minh-duc.png responded 304 in 0.8572 ms 
[13:35:27 INF] HTTP GET /logo_tam-minh-duc.png responded 304 in 0.6862 ms 
[13:35:57 INF] HTTP GET /cdha/room/Ph%C3%B2ng%20si%C3%AAu%20%C3%A2m%201 responded 304 in 8.0585 ms 
[13:35:57 INF] HTTP GET /logo_tam-minh-duc.png responded 304 in 1.0679 ms 
[13:35:57 INF] HTTP GET /logo_tam-minh-duc.png responded 304 in 0.7869 ms 
[13:36:00 INF] Server running on http://localhost:3001 
[13:36:03 INF] HTTP GET /logo_tam-minh-duc.png responded 304 in 2.8806 ms 
[13:36:04 INF] HTTP POST /api/tts responded 200 in 1217.0494 ms 
[13:36:07 INF] Server running on http://localhost:3001 
[13:36:13 INF] Server running on http://localhost:3001 
[13:36:13 INF] HTTP GET /cdha/room/Ph%C3%B2ng%20si%C3%AAu%20%C3%A2m%201 responded 304 in 59.4227 ms 
[13:36:13 INF] HTTP GET /logo_tam-minh-duc.png responded 304 in 1.7319 ms 
[13:36:13 INF] HTTP GET /logo_tam-minh-duc.png responded 304 in 0.8623 ms 
[13:36:16 INF] HTTP GET /logo_tam-minh-duc.png responded 304 in 0.6568 ms 
[13:36:17 INF] HTTP POST /api/tts responded 200 in 1510.8335 ms 
[13:36:37 INF] Server running on http://localhost:3001 
[13:36:43 INF] HTTP GET /cdha/room/Ph%C3%B2ng%20si%C3%AAu%20%C3%A2m%201 responded 304 in 62.5462 ms 
[13:36:43 INF] HTTP GET /logo_tam-minh-duc.png responded 304 in 1.2100 ms 
[13:36:44 INF] HTTP GET /logo_tam-minh-duc.png responded 304 in 1.1286 ms 
[13:36:58 INF] Server running on http://localhost:3001 
[13:37:06 INF] Server running on http://localhost:3001 
[13:37:08 INF] Server running on http://localhost:3001 
[13:37:09 INF] Server running on http://localhost:3001 
[13:37:14 INF] Server running on http://localhost:3001 
[13:37:14 INF] HTTP GET /cdha/room/Ph%C3%B2ng%20si%C3%AAu%20%C3%A2m%201 responded 304 in 73.3657 ms 
[13:37:14 INF] HTTP GET /logo_tam-minh-duc.png responded 304 in 1.6917 ms 
[13:37:14 INF] HTTP GET /logo_tam-minh-duc.png responded 304 in 1.0163 ms 
[13:37:17 INF] HTTP GET /logo_tam-minh-duc.png responded 304 in 0.8584 ms 
[13:37:19 INF] HTTP POST /api/tts responded 200 in 1079.9142 ms 
[13:37:24 INF] Server running on http://localhost:3001 
[13:37:29 INF] Server running on http://localhost:3001 
[13:37:38 INF] Server running on http://localhost:3001 
[13:37:39 INF] Server running on http://localhost:3001 
[13:37:44 INF] HTTP GET /cdha/room/Ph%C3%B2ng%20si%C3%AAu%20%C3%A2m%201 responded 304 in 65.4144 ms 
[13:37:45 INF] HTTP GET /logo_tam-minh-duc.png responded 304 in 1.2623 ms 
[13:37:45 INF] HTTP GET /logo_tam-minh-duc.png responded 304 in 1.1881 ms 
[13:37:49 INF] HTTP GET /cdha/room/Ph%C3%B2ng%20si%C3%AAu%20%C3%A2m%201 responded 304 in 6.1723 ms 
[13:37:49 INF] HTTP GET /logo_tam-minh-duc.png responded 304 in 1.4562 ms 
[13:37:49 INF] HTTP GET /logo_tam-minh-duc.png responded 304 in 0.5205 ms 
[13:37:50 INF] HTTP GET /logo_tam-minh-duc.png responded 304 in 1.1215 ms 
[13:37:51 INF] HTTP POST /api/tts responded 200 in 1599.3689 ms 
[13:37:58 INF] HTTP POST /api/tts responded 200 in 1307.4184 ms 
[13:38:19 INF] HTTP GET /cdha/room/Ph%C3%B2ng%20si%C3%AAu%20%C3%A2m%201 responded 304 in 5.1676 ms 
[13:38:19 INF] HTTP GET /logo_tam-minh-duc.png responded 304 in 1.0190 ms 
[13:38:19 INF] HTTP GET /logo_tam-minh-duc.png responded 304 in 0.5621 ms 
[13:38:21 INF] HTTP GET /logo_tam-minh-duc.png responded 304 in 0.5932 ms 
[13:38:22 INF] HTTP POST /api/tts responded 200 in 1340.9692 ms 
[13:38:49 INF] HTTP GET /cdha/room/Ph%C3%B2ng%20si%C3%AAu%20%C3%A2m%201 responded 304 in 6.0012 ms 
[13:38:49 INF] HTTP GET /logo_tam-minh-duc.png responded 304 in 1.0739 ms 
[13:38:49 INF] HTTP GET /logo_tam-minh-duc.png responded 304 in 0.7107 ms 
[13:38:51 INF] Server running on http://localhost:3001 
[13:38:54 INF] Server running on http://localhost:3001 
[13:38:55 INF] HTTP GET /cdha/room/Ph%C3%B2ng%20si%C3%AAu%20%C3%A2m%201 responded 304 in 65.4755 ms 
[13:38:55 INF] HTTP GET /logo_tam-minh-duc.png responded 304 in 1.8291 ms 
[13:38:55 INF] HTTP GET /logo_tam-minh-duc.png responded 304 in 0.7167 ms 
[13:38:57 INF] HTTP GET /cdha/room/Ph%C3%B2ng%20si%C3%AAu%20%C3%A2m%201 responded 304 in 6.4142 ms 
[13:38:57 INF] HTTP GET /logo_tam-minh-duc.png responded 304 in 0.7260 ms 
[13:38:57 INF] HTTP GET /logo_tam-minh-duc.png responded 304 in 0.9760 ms 
[13:38:59 INF] HTTP GET /logo_tam-minh-duc.png responded 304 in 1.7083 ms 
[13:39:00 INF] HTTP POST /api/tts responded 200 in 1750.5983 ms 
[13:39:08 INF] Server running on http://localhost:3001 
[13:39:12 INF] Server running on http://localhost:3001 
[13:39:15 INF] Server running on http://localhost:3001 
[13:39:20 INF] Server running on http://localhost:3001 
[13:39:21 INF] Server running on http://localhost:3001 
[13:39:21 INF] HTTP GET /cdha/room/Ph%C3%B2ng%20si%C3%AAu%20%C3%A2m%201 responded 304 in 53.8966 ms 
[13:39:21 INF] HTTP GET /logo_tam-minh-duc.png responded 304 in 1.2096 ms 
[13:39:21 INF] HTTP GET /logo_tam-minh-duc.png responded 304 in 0.7026 ms 
[13:39:22 INF] HTTP GET /cdha/room/Ph%C3%B2ng%20si%C3%AAu%20%C3%A2m%201 responded 304 in 6.5600 ms 
[13:39:22 INF] HTTP GET /logo_tam-minh-duc.png responded 304 in 0.8518 ms 
[13:39:22 INF] HTTP GET /logo_tam-minh-duc.png responded 304 in 0.5655 ms 
[13:39:24 INF] HTTP GET /logo_tam-minh-duc.png responded 304 in 1.4816 ms 
[13:39:25 INF] HTTP POST /api/tts responded 200 in 1521.1543 ms 
[13:39:52 INF] HTTP GET /cdha/room/Ph%C3%B2ng%20si%C3%AAu%20%C3%A2m%201 responded 304 in 7.3044 ms 
[13:39:52 INF] HTTP GET /logo_tam-minh-duc.png responded 304 in 0.9967 ms 
[13:39:52 INF] HTTP GET /logo_tam-minh-duc.png responded 304 in 0.5999 ms 
[13:40:22 INF] HTTP GET /cdha/room/Ph%C3%B2ng%20si%C3%AAu%20%C3%A2m%201 responded 500 in 8.9414 ms 
[13:40:26 INF] Server running on http://localhost:3001 
[13:40:46 INF] HTTP GET /cdha/room/Ph%C3%B2ng%20si%C3%AAu%20%C3%A2m%201 responded 500 in 69.0150 ms 
[13:40:47 INF] HTTP GET /cdha/room/Ph%C3%B2ng%20si%C3%AAu%20%C3%A2m%201 responded 500 in 6.3837 ms 
[13:40:47 INF] HTTP GET /cdha/room/Ph%C3%B2ng%20si%C3%AAu%20%C3%A2m%201 responded 500 in 5.6762 ms 
[13:41:51 INF] HTTP GET /cdha/room/Ph%C3%B2ng%20si%C3%AAu%20%C3%A2m%201 responded 200 in 7.1243 ms 
[13:41:51 INF] HTTP GET /logo_tam-minh-duc.png responded 304 in 1.7224 ms 
[13:41:51 INF] HTTP GET /logo_tam-minh-duc.png responded 304 in 0.9077 ms 
[13:41:54 INF] HTTP GET /logo_tam-minh-duc.png responded 304 in 0.7381 ms 
[13:41:55 INF] HTTP POST /api/tts responded 200 in 1481.5630 ms 
[13:42:21 INF] HTTP GET /cdha/room/Ph%C3%B2ng%20si%C3%AAu%20%C3%A2m%201 responded 304 in 7.5880 ms 
[13:42:21 INF] HTTP GET /logo_tam-minh-duc.png responded 304 in 1.4916 ms 
[13:42:21 INF] HTTP GET /logo_tam-minh-duc.png responded 304 in 0.6787 ms 
[13:42:52 INF] HTTP GET /cdha/room/Ph%C3%B2ng%20si%C3%AAu%20%C3%A2m%201 responded 304 in 6.4432 ms 
[13:42:52 INF] HTTP GET /logo_tam-minh-duc.png responded 304 in 0.6851 ms 
[13:42:52 INF] HTTP GET /logo_tam-minh-duc.png responded 304 in 0.7720 ms 
[13:42:58 INF] HTTP GET /cdha/room/Ph%C3%B2ng%20si%C3%AAu%20%C3%A2m%201 responded 304 in 3.7752 ms 
[13:42:58 INF] HTTP GET /logo_tam-minh-duc.png responded 304 in 0.5592 ms 
[13:42:58 INF] HTTP GET /logo_tam-minh-duc.png responded 304 in 1.3787 ms 
[13:43:28 INF] HTTP GET /cdha/room/Ph%C3%B2ng%20si%C3%AAu%20%C3%A2m%201 responded 500 in 6.0001 ms 
[13:43:28 INF] HTTP GET /cdha/room/Ph%C3%B2ng%20si%C3%AAu%20%C3%A2m%201 responded 500 in 4.6399 ms 
[13:43:29 INF] HTTP GET /cdha/room/Ph%C3%B2ng%20si%C3%AAu%20%C3%A2m%201 responded 500 in 5.7159 ms 
[13:43:31 INF] HTTP GET /cdha/room/Ph%C3%B2ng%20si%C3%AAu%20%C3%A2m%201 responded 200 in 6.1653 ms 
[13:43:31 INF] HTTP GET /logo_tam-minh-duc.png responded 304 in 0.6718 ms 
[13:43:31 INF] HTTP GET /logo_tam-minh-duc.png responded 304 in 0.5849 ms 
[13:43:35 INF] HTTP GET /logo_tam-minh-duc.png responded 304 in 0.4715 ms 
[13:43:37 INF] HTTP POST /api/tts responded 200 in 1565.6147 ms 
[13:43:50 INF] HTTP POST /api/tts responded 200 in 1351.9523 ms 
[13:44:00 INF] HTTP POST /api/tts responded 200 in 1353.5893 ms 
[13:44:01 INF] HTTP GET /cdha/room/Ph%C3%B2ng%20si%C3%AAu%20%C3%A2m%201 responded 304 in 4.5848 ms 
[13:44:01 INF] HTTP GET /logo_tam-minh-duc.png responded 304 in 1.2561 ms 
[13:44:01 INF] HTTP GET /logo_tam-minh-duc.png responded 304 in 0.7085 ms 
[13:44:03 INF] HTTP GET /logo_tam-minh-duc.png responded 304 in 0.4721 ms 
[13:44:04 INF] HTTP POST /api/tts responded 200 in 1040.1413 ms 
[13:44:11 INF] HTTP POST /api/tts responded 200 in 1304.1163 ms 
[13:44:31 INF] HTTP GET /cdha/room/Ph%C3%B2ng%20si%C3%AAu%20%C3%A2m%201 responded 304 in 4.7456 ms 
[13:44:31 INF] HTTP GET /logo_tam-minh-duc.png responded 304 in 0.6407 ms 
[13:44:32 INF] HTTP GET /logo_tam-minh-duc.png responded 304 in 0.5659 ms 
[13:44:45 INF] HTTP GET /cdha/room/Ph%C3%B2ng%20si%C3%AAu%20%C3%A2m%201 responded 500 in 4.2512 ms 
[13:44:49 INF] HTTP GET /cdha/room/Ph%C3%B2ng%20si%C3%AAu%20%C3%A2m%201 responded 500 in 5.7475 ms 
[13:44:51 INF] HTTP GET /cdha/room/Ph%C3%B2ng%20si%C3%AAu%20%C3%A2m%201 responded 200 in 4.5784 ms 
[13:44:51 INF] HTTP GET /logo_tam-minh-duc.png responded 304 in 0.6428 ms 
[13:44:51 INF] HTTP GET /logo_tam-minh-duc.png responded 304 in 0.4611 ms 
[13:44:53 INF] HTTP GET /logo_tam-minh-duc.png responded 304 in 0.4450 ms 
[13:44:55 INF] HTTP POST /api/tts responded 200 in 1553.8696 ms 
[13:45:21 INF] HTTP GET /cdha/room/Ph%C3%B2ng%20si%C3%AAu%20%C3%A2m%201 responded 304 in 5.5345 ms 
[13:45:21 INF] HTTP GET /logo_tam-minh-duc.png responded 304 in 0.5953 ms 
[13:45:22 INF] HTTP GET /logo_tam-minh-duc.png responded 304 in 0.4779 ms 
[13:45:52 INF] HTTP GET /cdha/room/Ph%C3%B2ng%20si%C3%AAu%20%C3%A2m%201 responded 304 in 43.0355 ms 
[13:45:52 INF] HTTP GET /logo_tam-minh-duc.png responded 304 in 0.6270 ms 
[13:45:52 INF] HTTP GET /logo_tam-minh-duc.png responded 304 in 0.6051 ms 
[13:46:23 INF] HTTP GET /cdha/room/Ph%C3%B2ng%20si%C3%AAu%20%C3%A2m%201 responded 304 in 6.3936 ms 
[13:46:23 INF] HTTP GET /logo_tam-minh-duc.png responded 304 in 0.6343 ms 
[13:46:23 INF] HTTP GET /logo_tam-minh-duc.png responded 304 in 0.6137 ms 
[13:46:54 INF] HTTP GET /cdha/room/Ph%C3%B2ng%20si%C3%AAu%20%C3%A2m%201 responded 304 in 6.0528 ms 
[13:46:54 INF] HTTP GET /logo_tam-minh-duc.png responded 304 in 0.5841 ms 
[13:46:54 INF] HTTP GET /logo_tam-minh-duc.png responded 304 in 0.4730 ms 
[13:47:25 INF] HTTP GET /cdha/room/Ph%C3%B2ng%20si%C3%AAu%20%C3%A2m%201 responded 304 in 5.7352 ms 
[13:47:25 INF] HTTP GET /logo_tam-minh-duc.png responded 304 in 0.7362 ms 
[13:47:25 INF] HTTP GET /logo_tam-minh-duc.png responded 304 in 0.5178 ms 
[13:47:36 INF] HTTP GET /logo_tam-minh-duc.png responded 304 in 0.5467 ms 
[13:47:37 INF] HTTP POST /api/tts responded 200 in 1300.9024 ms 
[13:47:42 INF] HTTP GET /cdha responded 200 in 7.7183 ms 
[13:47:42 INF] HTTP GET /logo_tam-minh-duc.png responded 304 in 0.5740 ms 
[13:47:51 INF] HTTP GET /cdha/room/Ph%C3%B2ng%20si%C3%AAu%20%C3%A2m%202 responded 200 in 6.1645 ms 
[13:47:51 INF] HTTP GET /logo_tam-minh-duc.png responded 304 in 0.6416 ms 
[13:47:53 INF] HTTP GET /logo_tam-minh-duc.png responded 304 in 0.4758 ms 
[13:47:55 INF] HTTP POST /api/tts responded 200 in 1481.3825 ms 
[13:48:12 INF] HTTP POST /api/tts responded 200 in 1453.3301 ms 
[13:48:21 INF] HTTP GET /cdha/room/Ph%C3%B2ng%20si%C3%AAu%20%C3%A2m%202 responded 304 in 7.0841 ms 
[13:48:21 INF] HTTP GET /logo_tam-minh-duc.png responded 304 in 1.0221 ms 
[13:48:21 INF] HTTP GET /logo_tam-minh-duc.png responded 304 in 0.4408 ms 
[13:48:37 INF] HTTP GET /cdha responded 304 in 3.0495 ms 
[13:48:37 INF] HTTP GET /logo_tam-minh-duc.png responded 304 in 0.6235 ms 
[13:48:41 INF] HTTP GET /cdha/room/Ph%C3%B2ng%20si%C3%AAu%20%C3%A2m%202 responded 500 in 6.1533 ms 
[13:48:42 INF] HTTP GET /cdha/room/Ph%C3%B2ng%20si%C3%AAu%20%C3%A2m%203 responded 500 in 4.8693 ms 
[13:49:00 INF] HTTP GET /cdha/room/Ph%C3%B2ng%20si%C3%AAu%20%C3%A2m%201 responded 200 in 5.7750 ms 
[13:49:00 INF] HTTP GET /logo_tam-minh-duc.png responded 304 in 0.6842 ms 
[13:49:01 INF] HTTP GET /cdha/room/Ph%C3%B2ng%20si%C3%AAu%20%C3%A2m%201 responded 304 in 3.8888 ms 
[13:49:01 INF] HTTP GET /logo_tam-minh-duc.png responded 304 in 0.5607 ms 
[13:49:01 INF] HTTP GET /logo_tam-minh-duc.png responded 304 in 0.4676 ms 
[13:49:31 INF] HTTP GET /cdha/room/Ph%C3%B2ng%20si%C3%AAu%20%C3%A2m%201 responded 304 in 4.7535 ms 
[13:49:31 INF] HTTP GET /logo_tam-minh-duc.png responded 304 in 0.9851 ms 
[13:49:31 INF] HTTP GET /logo_tam-minh-duc.png responded 304 in 0.6100 ms 
[13:50:02 INF] HTTP GET /cdha/room/Ph%C3%B2ng%20si%C3%AAu%20%C3%A2m%201 responded 304 in 5.4020 ms 
[13:50:02 INF] HTTP GET /logo_tam-minh-duc.png responded 304 in 0.5824 ms 
[13:50:02 INF] HTTP GET /logo_tam-minh-duc.png responded 304 in 0.4490 ms 
[13:50:33 INF] HTTP GET /cdha/room/Ph%C3%B2ng%20si%C3%AAu%20%C3%A2m%201 responded 304 in 5.3099 ms 
[13:50:33 INF] HTTP GET /logo_tam-minh-duc.png responded 304 in 0.6718 ms 
[13:50:33 INF] HTTP GET /logo_tam-minh-duc.png responded 304 in 0.6367 ms 
[13:51:04 INF] HTTP GET /cdha/room/Ph%C3%B2ng%20si%C3%AAu%20%C3%A2m%201 responded 304 in 43.0668 ms 
[13:51:04 INF] HTTP GET /logo_tam-minh-duc.png responded 304 in 0.4543 ms 
[13:51:04 INF] HTTP GET /logo_tam-minh-duc.png responded 304 in 0.6106 ms 
[13:51:35 INF] HTTP GET /cdha/room/Ph%C3%B2ng%20si%C3%AAu%20%C3%A2m%201 responded 304 in 5.8922 ms 
[13:51:35 INF] HTTP GET /logo_tam-minh-duc.png responded 304 in 0.4287 ms 
[13:51:35 INF] HTTP GET /logo_tam-minh-duc.png responded 304 in 0.5107 ms 
[13:52:06 INF] HTTP GET /cdha/room/Ph%C3%B2ng%20si%C3%AAu%20%C3%A2m%201 responded 304 in 6.7232 ms 
[13:52:06 INF] HTTP GET /logo_tam-minh-duc.png responded 304 in 0.5202 ms 
[13:52:06 INF] HTTP GET /logo_tam-minh-duc.png responded 304 in 0.4525 ms 
[13:52:37 INF] HTTP GET /cdha/room/Ph%C3%B2ng%20si%C3%AAu%20%C3%A2m%201 responded 304 in 6.2216 ms 
[13:52:37 INF] HTTP GET /logo_tam-minh-duc.png responded 304 in 0.6704 ms 
[13:52:37 INF] HTTP GET /logo_tam-minh-duc.png responded 304 in 0.6166 ms 
[13:53:08 INF] HTTP GET /cdha/room/Ph%C3%B2ng%20si%C3%AAu%20%C3%A2m%201 responded 200 in 6.4392 ms 
[13:53:08 INF] HTTP GET /logo_tam-minh-duc.png responded 304 in 0.5583 ms 
[13:53:08 INF] HTTP GET /logo_tam-minh-duc.png responded 304 in 0.6155 ms 
[13:53:39 INF] HTTP GET /cdha/room/Ph%C3%B2ng%20si%C3%AAu%20%C3%A2m%201 responded 304 in 6.6429 ms 
[13:53:39 INF] HTTP GET /logo_tam-minh-duc.png responded 304 in 1.0110 ms 
[13:53:39 INF] HTTP GET /logo_tam-minh-duc.png responded 304 in 0.4495 ms 
[13:54:10 INF] HTTP GET /cdha/room/Ph%C3%B2ng%20si%C3%AAu%20%C3%A2m%201 responded 304 in 5.4548 ms 
[13:54:10 INF] HTTP GET /logo_tam-minh-duc.png responded 304 in 0.4498 ms 
[13:54:10 INF] HTTP GET /logo_tam-minh-duc.png responded 304 in 0.4340 ms 
[13:54:41 INF] HTTP GET /cdha/room/Ph%C3%B2ng%20si%C3%AAu%20%C3%A2m%201 responded 304 in 4.9171 ms 
[13:54:41 INF] HTTP GET /logo_tam-minh-duc.png responded 304 in 0.5623 ms 
[13:54:41 INF] HTTP GET /logo_tam-minh-duc.png responded 304 in 0.5948 ms 
[13:55:01 INF] HTTP GET /logo_tam-minh-duc.png responded 304 in 0.4029 ms 
[13:55:02 INF] HTTP POST /api/tts responded 200 in 1290.2051 ms 
[13:55:11 INF] HTTP GET /cdha/room/Ph%C3%B2ng%20si%C3%AAu%20%C3%A2m%201 responded 304 in 5.8597 ms 
[13:55:11 INF] HTTP GET /logo_tam-minh-duc.png responded 304 in 0.6393 ms 
[13:55:11 INF] HTTP GET /logo_tam-minh-duc.png responded 304 in 0.4713 ms 
[13:55:19 INF] HTTP GET /logo_tam-minh-duc.png responded 304 in 0.4341 ms 
[13:55:21 INF] HTTP POST /api/tts responded 200 in 1320.6738 ms 
[13:55:41 INF] HTTP GET /cdha/room/Ph%C3%B2ng%20si%C3%AAu%20%C3%A2m%201 responded 304 in 4.1692 ms 
[13:55:41 INF] HTTP GET /logo_tam-minh-duc.png responded 304 in 0.4340 ms 
[13:55:42 INF] HTTP GET /logo_tam-minh-duc.png responded 304 in 0.7519 ms 
[13:56:12 INF] HTTP GET /cdha/room/Ph%C3%B2ng%20si%C3%AAu%20%C3%A2m%201 responded 304 in 54.2208 ms 
[13:56:12 INF] HTTP GET /logo_tam-minh-duc.png responded 304 in 0.4948 ms 
[13:56:12 INF] HTTP GET /logo_tam-minh-duc.png responded 304 in 0.5094 ms 
[13:56:27 INF] Server running on http://localhost:3000 
[14:01:56 INF] Server running on http://localhost:3001 
[14:01:58 INF] HTTP GET / responded 200 in 747.1662 ms 
[14:01:58 INF] HTTP GET /logo_tam-minh-duc.png responded 304 in 1.9949 ms 
[14:01:59 INF] HTTP GET /cdha responded 304 in 4.9325 ms 
[14:01:59 INF] HTTP GET /logo_tam-minh-duc.png responded 304 in 0.8855 ms 
[14:01:59 INF] HTTP GET /logo_tam-minh-duc.png responded 304 in 0.6406 ms 
[14:02:01 INF] HTTP GET /cdha/room/Ph%C3%B2ng%20si%C3%AAu%20%C3%A2m%201 responded 200 in 9.3241 ms 
[14:02:01 INF] HTTP GET /logo_tam-minh-duc.png responded 304 in 0.6951 ms 
[14:02:02 INF] HTTP GET /logo_tam-minh-duc.png responded 304 in 0.8295 ms 
[14:02:03 INF] HTTP POST /api/tts responded 200 in 1400.2436 ms 
[14:02:31 INF] HTTP GET /cdha/room/Ph%C3%B2ng%20si%C3%AAu%20%C3%A2m%201 responded 304 in 7.0839 ms 
[14:02:31 INF] HTTP GET /logo_tam-minh-duc.png responded 304 in 0.6511 ms 
[14:02:31 INF] HTTP GET /logo_tam-minh-duc.png responded 304 in 0.5142 ms 
[14:02:57 INF] HTTP GET /cdha/room/Ph%C3%B2ng%20si%C3%AAu%20%C3%A2m%201 responded 304 in 6.5553 ms 
[14:02:57 INF] HTTP GET /logo_tam-minh-duc.png responded 304 in 1.2874 ms 
[14:02:57 INF] HTTP GET /logo_tam-minh-duc.png responded 304 in 1.0421 ms 
[14:03:28 INF] HTTP GET /cdha/room/Ph%C3%B2ng%20si%C3%AAu%20%C3%A2m%201 responded 304 in 5.0514 ms 
[14:03:28 INF] HTTP GET /logo_tam-minh-duc.png responded 304 in 0.8098 ms 
[14:03:28 INF] HTTP GET /logo_tam-minh-duc.png responded 304 in 0.5967 ms 
[14:03:59 INF] HTTP GET /cdha/room/Ph%C3%B2ng%20si%C3%AAu%20%C3%A2m%201 responded 304 in 6.9223 ms 
[14:03:59 INF] HTTP GET /logo_tam-minh-duc.png responded 304 in 0.7062 ms 
[14:03:59 INF] HTTP GET /logo_tam-minh-duc.png responded 304 in 0.5138 ms 
[14:04:30 INF] HTTP GET /cdha/room/Ph%C3%B2ng%20si%C3%AAu%20%C3%A2m%201 responded 304 in 5.5729 ms 
[14:04:30 INF] HTTP GET /logo_tam-minh-duc.png responded 304 in 0.6000 ms 
[14:04:30 INF] HTTP GET /logo_tam-minh-duc.png responded 304 in 0.6917 ms 
[14:04:47 INF] Server running on http://localhost:3001 
[14:05:01 INF] Server running on http://localhost:3001 
[14:05:01 INF] HTTP GET /cdha/room/Ph%C3%B2ng%20si%C3%AAu%20%C3%A2m%201 responded 304 in 61.6210 ms 
[14:05:01 INF] HTTP GET /logo_tam-minh-duc.png responded 304 in 2.0482 ms 
[14:05:02 INF] HTTP GET /logo_tam-minh-duc.png responded 304 in 0.7146 ms 
[14:05:32 INF] HTTP GET /cdha/room/Ph%C3%B2ng%20si%C3%AAu%20%C3%A2m%201 responded 304 in 7.7517 ms 
[14:05:32 INF] HTTP GET /logo_tam-minh-duc.png responded 304 in 1.1067 ms 
[14:05:32 INF] HTTP GET /logo_tam-minh-duc.png responded 304 in 0.7333 ms 
[14:06:03 INF] HTTP GET /cdha/room/Ph%C3%B2ng%20si%C3%AAu%20%C3%A2m%201 responded 304 in 7.1970 ms 
[14:06:03 INF] HTTP GET /logo_tam-minh-duc.png responded 304 in 1.0089 ms 
[14:06:03 INF] HTTP GET /logo_tam-minh-duc.png responded 304 in 0.8366 ms 
[14:06:32 INF] Server running on http://localhost:3000 
[14:06:34 INF] Server running on http://localhost:3000 
[14:06:38 INF] Server running on http://localhost:3000 
[14:10:31 INF] Server running on http://localhost:3000 
[14:10:55 INF] Server running on http://localhost:3000 
[14:10:59 INF] HTTP GET / responded 200 in 806.7959 ms 
[14:10:59 INF] HTTP GET /logo_tam-minh-duc.png responded 200 in 7.8072 ms 
[14:10:59 INF] HTTP GET /favicon.ico responded 404 in 2.1035 ms 
[14:11:00 INF] HTTP GET /cdha responded 200 in 5.3662 ms 
[14:11:00 INF] HTTP GET /logo_tam-minh-duc.png responded 304 in 1.0435 ms 
[14:11:00 INF] HTTP GET /logo_tam-minh-duc.png responded 304 in 0.7096 ms 
[14:11:03 INF] HTTP GET /cdha/room/Ph%C3%B2ng%20si%C3%AAu%20%C3%A2m%201 responded 200 in 13.1085 ms 
[14:11:03 INF] HTTP GET /logo_tam-minh-duc.png responded 304 in 0.5220 ms 
[14:11:04 INF] HTTP GET /logo_tam-minh-duc.png responded 304 in 1.0735 ms 
[14:11:06 INF] HTTP POST /api/tts responded 200 in 1321.9941 ms 
[14:11:33 INF] HTTP GET /cdha/room/Ph%C3%B2ng%20si%C3%AAu%20%C3%A2m%201 responded 304 in 7.7117 ms 
[14:11:33 INF] HTTP GET /logo_tam-minh-duc.png responded 304 in 0.6268 ms 
[14:11:33 INF] HTTP GET /logo_tam-minh-duc.png responded 304 in 0.5784 ms 
[14:12:03 INF] HTTP GET /cdha/room/Ph%C3%B2ng%20si%C3%AAu%20%C3%A2m%201 responded 304 in 5.7566 ms 
[14:12:03 INF] HTTP GET /logo_tam-minh-duc.png responded 304 in 0.6985 ms 
[14:12:03 INF] HTTP GET /logo_tam-minh-duc.png responded 304 in 0.5537 ms 
[14:12:33 INF] HTTP GET /cdha/room/Ph%C3%B2ng%20si%C3%AAu%20%C3%A2m%201 responded 304 in 5.4556 ms 
[14:12:33 INF] HTTP GET /logo_tam-minh-duc.png responded 304 in 0.5909 ms 
[14:12:33 INF] HTTP GET /logo_tam-minh-duc.png responded 304 in 0.4611 ms 
[14:13:03 INF] HTTP GET /cdha/room/Ph%C3%B2ng%20si%C3%AAu%20%C3%A2m%201 responded 304 in 5.3673 ms 
[14:13:03 INF] HTTP GET /logo_tam-minh-duc.png responded 304 in 0.6179 ms 
[14:13:03 INF] HTTP GET /logo_tam-minh-duc.png responded 304 in 0.5335 ms 
[14:13:14 INF] HTTP GET /logo_tam-minh-duc.png responded 304 in 0.4754 ms 
[14:13:16 INF] HTTP POST /api/tts responded 200 in 1294.6730 ms 
[14:13:16 INF] HTTP POST /api/tts responded 200 in 1307.9708 ms 
[14:13:33 INF] HTTP GET /cdha/room/Ph%C3%B2ng%20si%C3%AAu%20%C3%A2m%201 responded 304 in 6.9513 ms 
[14:13:33 INF] HTTP GET /logo_tam-minh-duc.png responded 304 in 0.4677 ms 
[14:13:33 INF] HTTP GET /logo_tam-minh-duc.png responded 304 in 0.5314 ms 
[14:14:03 INF] HTTP GET /cdha/room/Ph%C3%B2ng%20si%C3%AAu%20%C3%A2m%201 responded 304 in 5.0469 ms 
[14:14:03 INF] HTTP GET /logo_tam-minh-duc.png responded 304 in 0.4971 ms 
[14:14:03 INF] HTTP GET /logo_tam-minh-duc.png responded 304 in 0.5683 ms 
[14:14:10 INF] Server running on http://localhost:3000 
[14:14:20 INF] Server running on http://localhost:3000 
[14:14:34 INF] HTTP GET /cdha/room/Ph%C3%B2ng%20si%C3%AAu%20%C3%A2m%201 responded 304 in 64.3969 ms 
[14:14:34 INF] HTTP GET /logo_tam-minh-duc.png responded 304 in 1.4544 ms 
[14:14:34 INF] HTTP GET /logo_tam-minh-duc.png responded 304 in 0.8168 ms 
[14:14:41 INF] Server running on http://localhost:3000 
[14:14:49 INF] Server running on http://localhost:3000 
[14:15:01 INF] Server running on http://localhost:3000 
[14:15:05 INF] HTTP GET /cdha/room/Ph%C3%B2ng%20si%C3%AAu%20%C3%A2m%201 responded 304 in 60.3088 ms 
[14:15:05 INF] HTTP GET /logo_tam-minh-duc.png responded 304 in 1.1554 ms 
[14:15:05 INF] HTTP GET /logo_tam-minh-duc.png responded 304 in 0.7181 ms 
[14:15:09 INF] Server running on http://localhost:3000 
[14:15:23 INF] Server running on http://localhost:3000 
[14:15:36 INF] HTTP GET /cdha/room/Ph%C3%B2ng%20si%C3%AAu%20%C3%A2m%201 responded 304 in 73.8481 ms 
[14:15:36 INF] HTTP GET /logo_tam-minh-duc.png responded 304 in 1.2739 ms 
[14:15:36 INF] HTTP GET /logo_tam-minh-duc.png responded 304 in 0.9646 ms 
[14:15:37 INF] HTTP GET /cdha/room/Ph%C3%B2ng%20si%C3%AAu%20%C3%A2m%201 responded 304 in 7.1525 ms 
[14:15:37 INF] HTTP GET /logo_tam-minh-duc.png responded 304 in 0.8248 ms 
[14:15:37 INF] HTTP GET /logo_tam-minh-duc.png responded 304 in 0.5706 ms 
[14:15:38 INF] HTTP GET /cdha/room/Ph%C3%B2ng%20si%C3%AAu%20%C3%A2m%201 responded 304 in 4.5884 ms 
[14:15:38 INF] HTTP GET /logo_tam-minh-duc.png responded 304 in 0.8996 ms 
[14:15:38 INF] HTTP GET /logo_tam-minh-duc.png responded 304 in 0.8442 ms 
[14:15:38 INF] HTTP GET /cdha/room/Ph%C3%B2ng%20si%C3%AAu%20%C3%A2m%201 responded 304 in 5.1997 ms 
[14:15:38 INF] HTTP GET /logo_tam-minh-duc.png responded 304 in 0.6620 ms 
[14:15:38 INF] HTTP GET /logo_tam-minh-duc.png responded 304 in 0.6045 ms 
[14:15:39 INF] HTTP GET /cdha responded 304 in 7.0861 ms 
[14:15:39 INF] HTTP GET /logo_tam-minh-duc.png responded 304 in 0.9692 ms 
[14:15:40 INF] HTTP GET /cdha/room/Ph%C3%B2ng%20si%C3%AAu%20%C3%A2m%201 responded 304 in 4.8912 ms 
[14:15:40 INF] HTTP GET /logo_tam-minh-duc.png responded 304 in 0.6067 ms 
[14:16:10 INF] HTTP GET /cdha/room/Ph%C3%B2ng%20si%C3%AAu%20%C3%A2m%201 responded 304 in 6.9649 ms 
[14:16:10 INF] HTTP GET /logo_tam-minh-duc.png responded 304 in 0.7517 ms 
[14:16:10 INF] HTTP GET /logo_tam-minh-duc.png responded 304 in 0.8314 ms 
[14:16:41 INF] HTTP GET /cdha/room/Ph%C3%B2ng%20si%C3%AAu%20%C3%A2m%201 responded 304 in 6.7252 ms 
[14:16:41 INF] HTTP GET /logo_tam-minh-duc.png responded 304 in 0.8741 ms 
[14:16:41 INF] HTTP GET /logo_tam-minh-duc.png responded 304 in 0.5427 ms 
[14:16:52 INF] Server running on http://localhost:3000 
[14:17:12 INF] Server running on http://localhost:3000 
[14:17:12 INF] HTTP GET /cdha/room/Ph%C3%B2ng%20si%C3%AAu%20%C3%A2m%201 responded 304 in 56.3180 ms 
[14:17:12 INF] HTTP GET /logo_tam-minh-duc.png responded 304 in 1.4331 ms 
[14:17:12 INF] HTTP GET /logo_tam-minh-duc.png responded 304 in 1.1188 ms 
[14:17:18 INF] Server running on http://localhost:3000 
[14:17:24 INF] Server running on http://localhost:3000 
[14:17:28 INF] Server running on http://localhost:3000 
[14:17:34 INF] HTTP GET /cdha/room/Ph%C3%B2ng%20si%C3%AAu%20%C3%A2m%201 responded 304 in 73.3715 ms 
[14:17:34 INF] HTTP GET /logo_tam-minh-duc.png responded 304 in 1.6591 ms 
[14:17:34 INF] HTTP GET /logo_tam-minh-duc.png responded 304 in 1.0981 ms 
[14:17:42 INF] Server running on http://localhost:3000 
[14:17:46 INF] Server running on http://localhost:3000 
[14:17:49 INF] Server running on http://localhost:3000 
[14:17:51 INF] Server running on http://localhost:3000 
[14:17:52 INF] Server running on http://localhost:3000 
[14:17:59 INF] Server running on http://localhost:3000 
[14:18:04 INF] HTTP GET /cdha/room/Ph%C3%B2ng%20si%C3%AAu%20%C3%A2m%201 responded 304 in 60.6093 ms 
[14:18:04 INF] HTTP GET /logo_tam-minh-duc.png responded 304 in 1.4951 ms 
[14:18:04 INF] HTTP GET /logo_tam-minh-duc.png responded 304 in 1.0724 ms 
[14:18:24 INF] Server running on http://localhost:3000 
[14:18:35 INF] HTTP GET / responded 200 in 730.8356 ms 
[14:18:35 INF] HTTP GET /logo_tam-minh-duc.png responded 304 in 2.2040 ms 
[14:18:35 INF] HTTP GET /cdha/room/Ph%C3%B2ng%20si%C3%AAu%20%C3%A2m%201 responded 304 in 15.6699 ms 
[14:18:35 INF] HTTP GET /logo_tam-minh-duc.png responded 304 in 0.7159 ms 
[14:18:35 INF] HTTP GET /logo_tam-minh-duc.png responded 304 in 0.7156 ms 
[14:18:41 INF] HTTP GET / responded 200 in 552.1479 ms 
[14:18:41 INF] HTTP GET /logo_tam-minh-duc.png responded 304 in 0.7810 ms 
[14:18:42 INF] HTTP GET /cdha responded 304 in 4.6718 ms 
[14:18:42 INF] HTTP GET /logo_tam-minh-duc.png responded 304 in 1.4448 ms 
[14:18:43 INF] HTTP GET /cdha/room/Ph%C3%B2ng%20si%C3%AAu%20%C3%A2m%201 responded 304 in 5.8738 ms 
[14:18:43 INF] HTTP GET /logo_tam-minh-duc.png responded 304 in 0.5794 ms 
[14:19:01 INF] HTTP GET /logo_tam-minh-duc.png responded 304 in 1.0069 ms 
[14:19:02 INF] HTTP POST /tts responded 200 in 414.1098 ms 
[14:19:08 INF] HTTP POST /tts responded 200 in 255.7616 ms 
[14:19:13 INF] HTTP GET /cdha/room/Ph%C3%B2ng%20si%C3%AAu%20%C3%A2m%201 responded 304 in 5.0369 ms 
[14:19:13 INF] HTTP GET /logo_tam-minh-duc.png responded 304 in 0.7088 ms 
[14:19:13 INF] HTTP GET /logo_tam-minh-duc.png responded 304 in 0.8679 ms 
[14:19:44 INF] HTTP GET /cdha/room/Ph%C3%B2ng%20si%C3%AAu%20%C3%A2m%201 responded 304 in 5.7742 ms 
[14:19:44 INF] HTTP GET /logo_tam-minh-duc.png responded 304 in 0.7952 ms 
[14:19:44 INF] HTTP GET /logo_tam-minh-duc.png responded 304 in 0.8015 ms 
[14:19:48 INF] HTTP GET /cdha/room/Ph%C3%B2ng%20si%C3%AAu%20%C3%A2m%201 responded 304 in 5.0929 ms 
[14:19:49 INF] HTTP GET /logo_tam-minh-duc.png responded 304 in 0.8014 ms 
[14:19:49 INF] HTTP GET /logo_tam-minh-duc.png responded 304 in 0.4395 ms 
[14:19:51 INF] HTTP GET /cdha/room/Ph%C3%B2ng%20si%C3%AAu%20%C3%A2m%201 responded 304 in 5.3009 ms 
[14:19:51 INF] HTTP GET /logo_tam-minh-duc.png responded 304 in 0.5525 ms 
[14:19:51 INF] HTTP GET /logo_tam-minh-duc.png responded 304 in 0.5053 ms 
[14:19:51 INF] HTTP GET /cdha/room/Ph%C3%B2ng%20si%C3%AAu%20%C3%A2m%201 responded 304 in 4.1797 ms 
[14:19:51 INF] HTTP GET /logo_tam-minh-duc.png responded 304 in 0.7192 ms 
[14:19:51 INF] HTTP GET /logo_tam-minh-duc.png responded 304 in 0.5057 ms 
[14:19:52 INF] HTTP GET /logo_tam-minh-duc.png responded 304 in 0.5166 ms 
[14:19:52 INF] HTTP POST /tts responded 200 in 319.9232 ms 
[14:19:59 INF] Server running on http://localhost:3000 
[14:20:12 INF] HTTP GET /cdha/room/Ph%C3%B2ng%20si%C3%AAu%20%C3%A2m%201 responded 304 in 111.7414 ms 
[14:20:12 INF] HTTP GET /logo_tam-minh-duc.png responded 304 in 2.0242 ms 
[14:20:12 INF] HTTP GET /logo_tam-minh-duc.png responded 304 in 0.9755 ms 
[14:20:16 INF] HTTP GET /logo_tam-minh-duc.png responded 304 in 0.7925 ms 
[14:20:16 INF] HTTP POST /tts responded 200 in 294.2377 ms 
[14:20:32 INF] Server running on http://localhost:3000 
[14:20:35 INF] HTTP GET /cdha/room/Ph%C3%B2ng%20si%C3%AAu%20%C3%A2m%201 responded 304 in 67.7005 ms 
[14:20:35 INF] HTTP GET /logo_tam-minh-duc.png responded 304 in 1.3406 ms 
[14:20:35 INF] HTTP GET /logo_tam-minh-duc.png responded 304 in 0.9500 ms 
[14:21:06 INF] HTTP GET /cdha/room/Ph%C3%B2ng%20si%C3%AAu%20%C3%A2m%201 responded 304 in 9.7482 ms 
[14:21:06 INF] HTTP GET /logo_tam-minh-duc.png responded 304 in 0.9126 ms 
[14:21:06 INF] HTTP GET /logo_tam-minh-duc.png responded 304 in 0.5380 ms 
[14:29:55 INF] Server running on http://localhost:3000 
[14:30:01 INF] Server running on http://localhost:3000 
[14:30:08 INF] HTTP GET /logo_tam-minh-duc.png responded 304 in 2.9986 ms 
[14:30:09 INF] HTTP POST /tts responded 200 in 1363.9019 ms 
[14:30:16 INF] HTTP GET /cdha/room/Ph%C3%B2ng%20si%C3%AAu%20%C3%A2m%201 responded 304 in 174.3404 ms 
[14:30:16 INF] HTTP GET /logo_tam-minh-duc.png responded 304 in 0.7143 ms 
[14:30:16 INF] HTTP GET /js/displayBoard.js responded 304 in 0.9831 ms 
[14:30:16 INF] HTTP GET /logo_tam-minh-duc.png responded 304 in 0.6652 ms 
[14:30:18 INF] HTTP GET /cdha/room/Ph%C3%B2ng%20si%C3%AAu%20%C3%A2m%201 responded 304 in 6.6793 ms 
[14:30:18 INF] HTTP GET /logo_tam-minh-duc.png responded 304 in 0.9401 ms 
[14:30:18 INF] HTTP GET /js/displayBoard.js responded 304 in 1.2466 ms 
[14:30:18 INF] HTTP GET /logo_tam-minh-duc.png responded 304 in 1.2763 ms 
[14:30:19 INF] HTTP GET /logo_tam-minh-duc.png responded 304 in 0.6417 ms 
[14:30:21 INF] HTTP POST /tts responded 200 in 1544.0693 ms 
[14:30:29 INF] Server running on http://localhost:3000 
[14:30:33 INF] HTTP POST /tts responded 200 in 1380.1044 ms 
[14:30:33 INF] HTTP GET /cdha/room/Ph%C3%B2ng%20si%C3%AAu%20%C3%A2m%201 responded 304 in 65.2369 ms 
[14:30:33 INF] HTTP GET /logo_tam-minh-duc.png responded 304 in 1.9285 ms 
[14:30:33 INF] HTTP GET /js/displayBoard.js responded 304 in 1.0558 ms 
[14:30:33 INF] HTTP GET /logo_tam-minh-duc.png responded 304 in 0.5532 ms 
[14:30:35 INF] HTTP GET /logo_tam-minh-duc.png responded 304 in 0.5547 ms 
[14:30:36 INF] HTTP POST /tts responded 200 in 871.3297 ms 
[14:31:03 INF] HTTP GET /cdha/room/Ph%C3%B2ng%20si%C3%AAu%20%C3%A2m%201 responded 304 in 7.7562 ms 
[14:31:03 INF] HTTP GET /logo_tam-minh-duc.png responded 304 in 1.0942 ms 
[14:31:03 INF] HTTP GET /js/displayBoard.js responded 304 in 1.0148 ms 
[14:31:03 INF] HTTP GET /logo_tam-minh-duc.png responded 304 in 1.1948 ms 
[14:31:33 INF] HTTP GET /cdha/room/Ph%C3%B2ng%20si%C3%AAu%20%C3%A2m%201 responded 304 in 6.5457 ms 
[14:31:33 INF] HTTP GET /logo_tam-minh-duc.png responded 304 in 0.6133 ms 
[14:31:33 INF] HTTP GET /js/displayBoard.js responded 304 in 0.9948 ms 
[14:31:33 INF] HTTP GET /logo_tam-minh-duc.png responded 304 in 0.5703 ms 
[14:32:04 INF] HTTP GET /cdha/room/Ph%C3%B2ng%20si%C3%AAu%20%C3%A2m%201 responded 304 in 6.6210 ms 
[14:32:04 INF] HTTP GET /logo_tam-minh-duc.png responded 304 in 1.5635 ms 
[14:32:04 INF] HTTP GET /js/displayBoard.js responded 304 in 2.2497 ms 
[14:32:04 INF] HTTP GET /logo_tam-minh-duc.png responded 304 in 0.5843 ms 
[14:32:35 INF] HTTP GET /cdha/room/Ph%C3%B2ng%20si%C3%AAu%20%C3%A2m%201 responded 304 in 7.0167 ms 
[14:32:35 INF] HTTP GET /logo_tam-minh-duc.png responded 304 in 0.4702 ms 
[14:32:35 INF] HTTP GET /js/displayBoard.js responded 304 in 0.3627 ms 
[14:32:35 INF] HTTP GET /logo_tam-minh-duc.png responded 304 in 0.4931 ms 
[14:32:56 INF] Server running on http://localhost:3000 
[14:33:06 INF] HTTP GET /cdha/room/Ph%C3%B2ng%20si%C3%AAu%20%C3%A2m%201 responded 304 in 64.0029 ms 
[14:33:06 INF] HTTP GET /logo_tam-minh-duc.png responded 304 in 1.6914 ms 
[14:33:06 INF] HTTP GET /js/displayBoard.js responded 304 in 0.9746 ms 
[14:33:06 INF] HTTP GET /logo_tam-minh-duc.png responded 304 in 0.8182 ms 
[14:33:13 INF] Server running on http://localhost:3000 
[14:33:32 INF] Server running on http://localhost:3000 
[14:33:37 INF] HTTP GET /cdha/room/Ph%C3%B2ng%20si%C3%AAu%20%C3%A2m%201 responded 304 in 62.8388 ms 
[14:33:37 INF] HTTP GET /logo_tam-minh-duc.png responded 304 in 3.2302 ms 
[14:33:37 INF] HTTP GET /js/displayBoard.js responded 304 in 6.7233 ms 
[14:33:37 INF] HTTP GET /logo_tam-minh-duc.png responded 304 in 0.6704 ms 
[14:34:08 INF] HTTP GET /cdha/room/Ph%C3%B2ng%20si%C3%AAu%20%C3%A2m%201 responded 304 in 8.1120 ms 
[14:34:08 INF] HTTP GET /logo_tam-minh-duc.png responded 304 in 1.3407 ms 
[14:34:08 INF] HTTP GET /js/displayBoard.js responded 304 in 0.9446 ms 
[14:34:08 INF] HTTP GET /logo_tam-minh-duc.png responded 304 in 0.8490 ms 
[14:34:39 INF] HTTP GET /cdha/room/Ph%C3%B2ng%20si%C3%AAu%20%C3%A2m%201 responded 304 in 6.4928 ms 
[14:34:39 INF] HTTP GET /logo_tam-minh-duc.png responded 304 in 0.6593 ms 
[14:34:39 INF] HTTP GET /js/displayBoard.js responded 304 in 0.7572 ms 
[14:34:39 INF] HTTP GET /logo_tam-minh-duc.png responded 304 in 0.9473 ms 
[14:35:10 INF] HTTP GET /cdha/room/Ph%C3%B2ng%20si%C3%AAu%20%C3%A2m%201 responded 304 in 6.8205 ms 
[14:35:10 INF] HTTP GET /logo_tam-minh-duc.png responded 304 in 0.7127 ms 
[14:35:10 INF] HTTP GET /js/displayBoard.js responded 304 in 0.5630 ms 
[14:35:10 INF] HTTP GET /logo_tam-minh-duc.png responded 304 in 0.5001 ms 
[14:35:41 INF] HTTP GET /cdha/room/Ph%C3%B2ng%20si%C3%AAu%20%C3%A2m%201 responded 304 in 6.0062 ms 
[14:35:41 INF] HTTP GET /logo_tam-minh-duc.png responded 304 in 0.6699 ms 
[14:35:41 INF] HTTP GET /js/displayBoard.js responded 304 in 0.7976 ms 
[14:35:41 INF] HTTP GET /logo_tam-minh-duc.png responded 304 in 0.4553 ms 
[14:36:11 INF] HTTP GET /cdha/room/Ph%C3%B2ng%20si%C3%AAu%20%C3%A2m%201 responded 304 in 6.9452 ms 
[14:36:11 INF] HTTP GET /logo_tam-minh-duc.png responded 304 in 1.0219 ms 
[14:36:11 INF] HTTP GET /js/displayBoard.js responded 304 in 1.3922 ms 
[14:36:11 INF] HTTP GET /logo_tam-minh-duc.png responded 304 in 1.0365 ms 
[14:36:42 INF] HTTP GET /cdha/room/Ph%C3%B2ng%20si%C3%AAu%20%C3%A2m%201 responded 304 in 6.1545 ms 
[14:36:42 INF] HTTP GET /logo_tam-minh-duc.png responded 304 in 0.7152 ms 
[14:36:42 INF] HTTP GET /js/displayBoard.js responded 304 in 0.5076 ms 
[14:36:42 INF] HTTP GET /logo_tam-minh-duc.png responded 304 in 0.5310 ms 
[14:37:13 INF] HTTP GET /cdha/room/Ph%C3%B2ng%20si%C3%AAu%20%C3%A2m%201 responded 304 in 4.2848 ms 
[14:37:13 INF] HTTP GET /logo_tam-minh-duc.png responded 304 in 1.0231 ms 
[14:37:13 INF] HTTP GET /js/displayBoard.js responded 304 in 2.0979 ms 
[14:37:13 INF] HTTP GET /logo_tam-minh-duc.png responded 304 in 0.5227 ms 
[14:37:44 INF] HTTP GET /cdha/room/Ph%C3%B2ng%20si%C3%AAu%20%C3%A2m%201 responded 304 in 7.4382 ms 
[14:37:44 INF] HTTP GET /logo_tam-minh-duc.png responded 304 in 0.6453 ms 
[14:37:44 INF] HTTP GET /js/displayBoard.js responded 304 in 0.7472 ms 
[14:37:44 INF] HTTP GET /logo_tam-minh-duc.png responded 304 in 0.5448 ms 
[14:38:15 INF] HTTP GET /cdha/room/Ph%C3%B2ng%20si%C3%AAu%20%C3%A2m%201 responded 304 in 5.8240 ms 
[14:38:15 INF] HTTP GET /logo_tam-minh-duc.png responded 304 in 0.6230 ms 
[14:38:15 INF] HTTP GET /js/displayBoard.js responded 304 in 0.6021 ms 
[14:38:15 INF] HTTP GET /logo_tam-minh-duc.png responded 304 in 0.6238 ms 
[14:38:46 INF] HTTP GET /cdha/room/Ph%C3%B2ng%20si%C3%AAu%20%C3%A2m%201 responded 304 in 46.2416 ms 
[14:38:46 INF] HTTP GET /logo_tam-minh-duc.png responded 304 in 0.8737 ms 
[14:38:46 INF] HTTP GET /js/displayBoard.js responded 304 in 0.6066 ms 
[14:38:46 INF] HTTP GET /logo_tam-minh-duc.png responded 304 in 0.5198 ms 
[14:39:17 INF] HTTP GET /cdha/room/Ph%C3%B2ng%20si%C3%AAu%20%C3%A2m%201 responded 304 in 7.0209 ms 
[14:39:17 INF] HTTP GET /logo_tam-minh-duc.png responded 304 in 0.5230 ms 
[14:39:17 INF] HTTP GET /js/displayBoard.js responded 304 in 0.4330 ms 
[14:39:17 INF] HTTP GET /logo_tam-minh-duc.png responded 304 in 0.5615 ms 
[14:39:38 INF] HTTP GET / responded 200 in 536.6767 ms 
[14:39:38 INF] HTTP GET /logo_tam-minh-duc.png responded 304 in 0.6606 ms 
[14:39:48 INF] HTTP GET /cdha/room/Ph%C3%B2ng%20si%C3%AAu%20%C3%A2m%201 responded 304 in 5.2913 ms 
[14:39:48 INF] HTTP GET /logo_tam-minh-duc.png responded 304 in 0.6230 ms 
[14:39:48 INF] HTTP GET /js/displayBoard.js responded 304 in 0.6144 ms 
[14:39:48 INF] HTTP GET /logo_tam-minh-duc.png responded 304 in 0.5149 ms 
[14:40:19 INF] HTTP GET /cdha/room/Ph%C3%B2ng%20si%C3%AAu%20%C3%A2m%201 responded 304 in 5.3056 ms 
[14:40:19 INF] HTTP GET /logo_tam-minh-duc.png responded 304 in 0.7547 ms 
[14:40:19 INF] HTTP GET /js/displayBoard.js responded 304 in 0.5478 ms 
[14:40:19 INF] HTTP GET /logo_tam-minh-duc.png responded 304 in 0.6634 ms 
[14:40:50 INF] HTTP GET /cdha/room/Ph%C3%B2ng%20si%C3%AAu%20%C3%A2m%201 responded 304 in 5.6936 ms 
[14:40:50 INF] HTTP GET /logo_tam-minh-duc.png responded 304 in 0.7816 ms 
[14:40:50 INF] HTTP GET /js/displayBoard.js responded 304 in 0.6930 ms 
[14:40:50 INF] HTTP GET /logo_tam-minh-duc.png responded 304 in 1.1728 ms 
[14:41:21 INF] HTTP GET /cdha/room/Ph%C3%B2ng%20si%C3%AAu%20%C3%A2m%201 responded 304 in 4.2287 ms 
[14:41:21 INF] HTTP GET /logo_tam-minh-duc.png responded 304 in 0.5488 ms 
[14:41:21 INF] HTTP GET /js/displayBoard.js responded 304 in 0.6878 ms 
[14:41:21 INF] HTTP GET /logo_tam-minh-duc.png responded 304 in 0.7705 ms 
[14:41:52 INF] HTTP GET /cdha/room/Ph%C3%B2ng%20si%C3%AAu%20%C3%A2m%201 responded 304 in 4.2110 ms 
[14:41:52 INF] HTTP GET /logo_tam-minh-duc.png responded 304 in 0.6362 ms 
[14:41:52 INF] HTTP GET /js/displayBoard.js responded 304 in 0.4839 ms 
[14:41:52 INF] HTTP GET /logo_tam-minh-duc.png responded 304 in 0.7755 ms 
[14:42:23 INF] HTTP GET /cdha/room/Ph%C3%B2ng%20si%C3%AAu%20%C3%A2m%201 responded 304 in 4.7445 ms 
[14:42:23 INF] HTTP GET /logo_tam-minh-duc.png responded 304 in 0.7031 ms 
[14:42:23 INF] HTTP GET /js/displayBoard.js responded 304 in 0.8293 ms 
[14:42:23 INF] HTTP GET /logo_tam-minh-duc.png responded 304 in 0.7309 ms 
[14:42:54 INF] HTTP GET /cdha/room/Ph%C3%B2ng%20si%C3%AAu%20%C3%A2m%201 responded 304 in 4.0830 ms 
[14:42:54 INF] HTTP GET /logo_tam-minh-duc.png responded 304 in 0.7496 ms 
[14:42:54 INF] HTTP GET /js/displayBoard.js responded 304 in 1.7949 ms 
[14:42:54 INF] HTTP GET /logo_tam-minh-duc.png responded 304 in 0.7123 ms 
[14:43:25 INF] HTTP GET /cdha/room/Ph%C3%B2ng%20si%C3%AAu%20%C3%A2m%201 responded 304 in 4.4358 ms 
[14:43:25 INF] HTTP GET /logo_tam-minh-duc.png responded 304 in 0.6035 ms 
[14:43:25 INF] HTTP GET /js/displayBoard.js responded 304 in 0.5544 ms 
[14:43:25 INF] HTTP GET /logo_tam-minh-duc.png responded 304 in 0.5970 ms 
[14:43:56 INF] HTTP GET /cdha/room/Ph%C3%B2ng%20si%C3%AAu%20%C3%A2m%201 responded 304 in 54.4460 ms 
[14:43:56 INF] HTTP GET /logo_tam-minh-duc.png responded 304 in 1.0430 ms 
[14:43:56 INF] HTTP GET /js/displayBoard.js responded 304 in 0.6734 ms 
[14:43:56 INF] HTTP GET /logo_tam-minh-duc.png responded 304 in 0.4710 ms 
[14:44:27 INF] HTTP GET /cdha/room/Ph%C3%B2ng%20si%C3%AAu%20%C3%A2m%201 responded 304 in 7.0806 ms 
[14:44:27 INF] HTTP GET /logo_tam-minh-duc.png responded 304 in 0.9962 ms 
[14:44:27 INF] HTTP GET /js/displayBoard.js responded 304 in 0.8161 ms 
[14:44:27 INF] HTTP GET /logo_tam-minh-duc.png responded 304 in 0.5233 ms 
[14:44:58 INF] HTTP GET /cdha/room/Ph%C3%B2ng%20si%C3%AAu%20%C3%A2m%201 responded 304 in 6.0567 ms 
[14:44:58 INF] HTTP GET /logo_tam-minh-duc.png responded 304 in 0.6143 ms 
[14:44:58 INF] HTTP GET /js/displayBoard.js responded 304 in 0.5179 ms 
[14:44:58 INF] HTTP GET /logo_tam-minh-duc.png responded 304 in 0.5005 ms 
[14:45:29 INF] HTTP GET /cdha/room/Ph%C3%B2ng%20si%C3%AAu%20%C3%A2m%201 responded 304 in 8.0267 ms 
[14:45:29 INF] HTTP GET /logo_tam-minh-duc.png responded 304 in 0.6096 ms 
[14:45:29 INF] HTTP GET /js/displayBoard.js responded 304 in 0.4955 ms 
[14:45:29 INF] HTTP GET /logo_tam-minh-duc.png responded 304 in 1.5260 ms 
[14:46:00 INF] HTTP GET /cdha/room/Ph%C3%B2ng%20si%C3%AAu%20%C3%A2m%201 responded 304 in 6.1748 ms 
[14:46:00 INF] HTTP GET /logo_tam-minh-duc.png responded 304 in 0.6534 ms 
[14:46:00 INF] HTTP GET /js/displayBoard.js responded 304 in 0.5724 ms 
[14:46:00 INF] HTTP GET /logo_tam-minh-duc.png responded 304 in 0.5604 ms 
[14:46:31 INF] HTTP GET /cdha/room/Ph%C3%B2ng%20si%C3%AAu%20%C3%A2m%201 responded 304 in 4.8206 ms 
[14:46:31 INF] HTTP GET /logo_tam-minh-duc.png responded 304 in 0.6687 ms 
[14:46:31 INF] HTTP GET /js/displayBoard.js responded 304 in 0.5461 ms 
[14:46:31 INF] HTTP GET /logo_tam-minh-duc.png responded 304 in 0.6978 ms 
[14:47:02 INF] HTTP GET /cdha/room/Ph%C3%B2ng%20si%C3%AAu%20%C3%A2m%201 responded 304 in 5.0646 ms 
[14:47:02 INF] HTTP GET /logo_tam-minh-duc.png responded 304 in 0.5507 ms 
[14:47:02 INF] HTTP GET /js/displayBoard.js responded 304 in 0.4520 ms 
[14:47:02 INF] HTTP GET /logo_tam-minh-duc.png responded 304 in 0.4527 ms 
[14:47:33 INF] HTTP GET /cdha/room/Ph%C3%B2ng%20si%C3%AAu%20%C3%A2m%201 responded 304 in 5.5493 ms 
[14:47:33 INF] HTTP GET /logo_tam-minh-duc.png responded 304 in 0.6796 ms 
[14:47:33 INF] HTTP GET /js/displayBoard.js responded 304 in 0.6233 ms 
[14:47:33 INF] HTTP GET /logo_tam-minh-duc.png responded 304 in 0.6002 ms 
[14:48:04 INF] HTTP GET /cdha/room/Ph%C3%B2ng%20si%C3%AAu%20%C3%A2m%201 responded 304 in 4.1147 ms 
[14:48:04 INF] HTTP GET /logo_tam-minh-duc.png responded 304 in 0.8158 ms 
[14:48:04 INF] HTTP GET /js/displayBoard.js responded 304 in 0.3742 ms 
[14:48:04 INF] HTTP GET /logo_tam-minh-duc.png responded 304 in 0.7422 ms 
[14:48:35 INF] HTTP GET /cdha/room/Ph%C3%B2ng%20si%C3%AAu%20%C3%A2m%201 responded 304 in 4.5211 ms 
[14:48:35 INF] HTTP GET /logo_tam-minh-duc.png responded 304 in 0.4114 ms 
[14:48:35 INF] HTTP GET /js/displayBoard.js responded 304 in 0.5517 ms 
[14:48:35 INF] HTTP GET /logo_tam-minh-duc.png responded 304 in 0.3973 ms 
[14:49:06 INF] HTTP GET /cdha/room/Ph%C3%B2ng%20si%C3%AAu%20%C3%A2m%201 responded 304 in 46.7134 ms 
[14:49:06 INF] HTTP GET /logo_tam-minh-duc.png responded 304 in 0.5492 ms 
[14:49:06 INF] HTTP GET /js/displayBoard.js responded 304 in 0.5412 ms 
[14:49:06 INF] HTTP GET /logo_tam-minh-duc.png responded 304 in 0.5931 ms 
[14:49:37 INF] HTTP GET /cdha/room/Ph%C3%B2ng%20si%C3%AAu%20%C3%A2m%201 responded 304 in 5.3247 ms 
[14:49:37 INF] HTTP GET /logo_tam-minh-duc.png responded 304 in 0.4062 ms 
[14:49:37 INF] HTTP GET /js/displayBoard.js responded 304 in 0.5646 ms 
[14:49:37 INF] HTTP GET /logo_tam-minh-duc.png responded 304 in 0.6203 ms 
[14:50:08 INF] HTTP GET /cdha/room/Ph%C3%B2ng%20si%C3%AAu%20%C3%A2m%201 responded 304 in 4.0528 ms 
[14:50:08 INF] HTTP GET /logo_tam-minh-duc.png responded 304 in 0.8404 ms 
[14:50:08 INF] HTTP GET /js/displayBoard.js responded 304 in 0.9362 ms 
[14:50:08 INF] HTTP GET /logo_tam-minh-duc.png responded 304 in 0.5667 ms 
[14:50:39 INF] HTTP GET /cdha/room/Ph%C3%B2ng%20si%C3%AAu%20%C3%A2m%201 responded 304 in 6.9708 ms 
[14:50:39 INF] HTTP GET /logo_tam-minh-duc.png responded 304 in 0.7517 ms 
[14:50:39 INF] HTTP GET /js/displayBoard.js responded 304 in 0.8309 ms 
[14:50:39 INF] HTTP GET /logo_tam-minh-duc.png responded 304 in 0.6248 ms 
[14:51:10 INF] HTTP GET /cdha/room/Ph%C3%B2ng%20si%C3%AAu%20%C3%A2m%201 responded 304 in 6.0308 ms 
[14:51:10 INF] HTTP GET /logo_tam-minh-duc.png responded 304 in 0.4549 ms 
[14:51:10 INF] HTTP GET /js/displayBoard.js responded 304 in 0.6852 ms 
[14:51:10 INF] HTTP GET /logo_tam-minh-duc.png responded 304 in 0.5832 ms 
[14:51:41 INF] HTTP GET /cdha/room/Ph%C3%B2ng%20si%C3%AAu%20%C3%A2m%201 responded 304 in 4.8119 ms 
[14:51:41 INF] HTTP GET /logo_tam-minh-duc.png responded 304 in 0.5653 ms 
[14:51:41 INF] HTTP GET /js/displayBoard.js responded 304 in 0.6186 ms 
[14:51:41 INF] HTTP GET /logo_tam-minh-duc.png responded 304 in 0.4646 ms 
[14:52:12 INF] HTTP GET /cdha/room/Ph%C3%B2ng%20si%C3%AAu%20%C3%A2m%201 responded 304 in 5.3930 ms 
[14:52:12 INF] HTTP GET /logo_tam-minh-duc.png responded 304 in 0.7494 ms 
[14:52:12 INF] HTTP GET /js/displayBoard.js responded 304 in 1.6886 ms 
[14:52:12 INF] HTTP GET /logo_tam-minh-duc.png responded 304 in 0.5719 ms 
[14:52:43 INF] HTTP GET /cdha/room/Ph%C3%B2ng%20si%C3%AAu%20%C3%A2m%201 responded 304 in 4.7782 ms 
[14:52:43 INF] HTTP GET /logo_tam-minh-duc.png responded 304 in 0.8008 ms 
[14:52:43 INF] HTTP GET /js/displayBoard.js responded 304 in 0.7219 ms 
[14:52:43 INF] HTTP GET /logo_tam-minh-duc.png responded 304 in 0.5719 ms 
[14:53:14 INF] HTTP GET /cdha/room/Ph%C3%B2ng%20si%C3%AAu%20%C3%A2m%201 responded 304 in 4.9301 ms 
[14:53:14 INF] HTTP GET /logo_tam-minh-duc.png responded 304 in 0.4829 ms 
[14:53:14 INF] HTTP GET /js/displayBoard.js responded 304 in 0.6390 ms 
[14:53:14 INF] HTTP GET /logo_tam-minh-duc.png responded 304 in 0.6633 ms 
[14:53:45 INF] HTTP GET /cdha/room/Ph%C3%B2ng%20si%C3%AAu%20%C3%A2m%201 responded 304 in 5.3330 ms 
[14:53:45 INF] HTTP GET /logo_tam-minh-duc.png responded 304 in 0.5238 ms 
[14:53:45 INF] HTTP GET /js/displayBoard.js responded 304 in 0.4128 ms 
[14:53:45 INF] HTTP GET /logo_tam-minh-duc.png responded 304 in 0.4126 ms 
[14:54:16 INF] HTTP GET /cdha/room/Ph%C3%B2ng%20si%C3%AAu%20%C3%A2m%201 responded 304 in 57.6310 ms 
[14:54:16 INF] HTTP GET /logo_tam-minh-duc.png responded 304 in 0.4124 ms 
[14:54:16 INF] HTTP GET /js/displayBoard.js responded 304 in 0.3176 ms 
[14:54:16 INF] HTTP GET /logo_tam-minh-duc.png responded 304 in 0.4343 ms 
[14:54:47 INF] HTTP GET /cdha/room/Ph%C3%B2ng%20si%C3%AAu%20%C3%A2m%201 responded 304 in 6.5137 ms 
[14:54:47 INF] HTTP GET /logo_tam-minh-duc.png responded 304 in 0.6252 ms 
[14:54:47 INF] HTTP GET /js/displayBoard.js responded 304 in 0.5260 ms 
[14:54:47 INF] HTTP GET /logo_tam-minh-duc.png responded 304 in 0.5743 ms 
[14:55:18 INF] HTTP GET /cdha/room/Ph%C3%B2ng%20si%C3%AAu%20%C3%A2m%201 responded 304 in 5.6473 ms 
[14:55:18 INF] HTTP GET /logo_tam-minh-duc.png responded 304 in 0.5053 ms 
[14:55:18 INF] HTTP GET /js/displayBoard.js responded 304 in 0.5240 ms 
[14:55:18 INF] HTTP GET /logo_tam-minh-duc.png responded 304 in 0.5233 ms 
[14:55:49 INF] HTTP GET /cdha/room/Ph%C3%B2ng%20si%C3%AAu%20%C3%A2m%201 responded 304 in 5.7115 ms 
[14:55:49 INF] HTTP GET /logo_tam-minh-duc.png responded 304 in 0.6786 ms 
[14:55:49 INF] HTTP GET /js/displayBoard.js responded 304 in 0.4182 ms 
[14:55:49 INF] HTTP GET /logo_tam-minh-duc.png responded 304 in 0.3848 ms 
[14:56:20 INF] HTTP GET /cdha/room/Ph%C3%B2ng%20si%C3%AAu%20%C3%A2m%201 responded 304 in 5.6088 ms 
[14:56:20 INF] HTTP GET /logo_tam-minh-duc.png responded 304 in 0.5713 ms 
[14:56:20 INF] HTTP GET /js/displayBoard.js responded 304 in 0.4378 ms 
[14:56:20 INF] HTTP GET /logo_tam-minh-duc.png responded 304 in 0.4765 ms 
[14:57:08 INF] Server running on http://localhost:3000 
[15:02:12 INF] HTTP GET /cdha/room/Ph%C3%B2ng%20si%C3%AAu%20%C3%A2m%201 responded 304 in 63.4173 ms 
[15:02:12 INF] HTTP GET /logo_tam-minh-duc.png responded 304 in 2.6785 ms 
[15:02:12 INF] HTTP GET /js/displayBoard.js responded 304 in 4.0839 ms 
[15:02:13 INF] HTTP GET /logo_tam-minh-duc.png responded 304 in 0.6513 ms 
[15:02:43 INF] HTTP GET /cdha/room/Ph%C3%B2ng%20si%C3%AAu%20%C3%A2m%201 responded 304 in 6.7983 ms 
[15:02:43 INF] HTTP GET /logo_tam-minh-duc.png responded 304 in 0.9598 ms 
[15:02:43 INF] HTTP GET /js/displayBoard.js responded 304 in 0.8770 ms 
[15:02:43 INF] HTTP GET /logo_tam-minh-duc.png responded 304 in 0.5954 ms 
[15:03:14 INF] HTTP GET /cdha/room/Ph%C3%B2ng%20si%C3%AAu%20%C3%A2m%201 responded 304 in 8.3342 ms 
[15:03:14 INF] HTTP GET /logo_tam-minh-duc.png responded 304 in 1.1342 ms 
[15:03:14 INF] HTTP GET /js/displayBoard.js responded 304 in 0.8179 ms 
[15:03:14 INF] HTTP GET /logo_tam-minh-duc.png responded 304 in 0.9686 ms 
[15:03:43 INF] Server running on http://localhost:3000 
[15:03:45 INF] HTTP GET /cdha/room/Ph%C3%B2ng%20si%C3%AAu%20%C3%A2m%201 responded 304 in 62.1225 ms 
[15:03:45 INF] HTTP GET /logo_tam-minh-duc.png responded 304 in 1.1248 ms 
[15:03:45 INF] HTTP GET /js/displayBoard.js responded 304 in 0.7133 ms 
[15:03:45 INF] HTTP GET /logo_tam-minh-duc.png responded 304 in 0.5971 ms 
[15:04:16 INF] HTTP GET /cdha/room/Ph%C3%B2ng%20si%C3%AAu%20%C3%A2m%201 responded 304 in 8.1350 ms 
[15:04:16 INF] HTTP GET /logo_tam-minh-duc.png responded 304 in 0.7367 ms 
[15:04:16 INF] HTTP GET /js/displayBoard.js responded 304 in 0.7951 ms 
[15:04:16 INF] HTTP GET /logo_tam-minh-duc.png responded 304 in 0.5696 ms 
[15:04:47 INF] HTTP GET /cdha/room/Ph%C3%B2ng%20si%C3%AAu%20%C3%A2m%201 responded 304 in 11.3012 ms 
[15:04:47 INF] HTTP GET /logo_tam-minh-duc.png responded 304 in 0.7701 ms 
[15:04:47 INF] HTTP GET /js/displayBoard.js responded 304 in 0.9501 ms 
[15:04:47 INF] HTTP GET /logo_tam-minh-duc.png responded 304 in 0.6317 ms 
[15:05:18 INF] HTTP GET /cdha/room/Ph%C3%B2ng%20si%C3%AAu%20%C3%A2m%201 responded 304 in 6.6713 ms 
[15:05:18 INF] HTTP GET /logo_tam-minh-duc.png responded 304 in 0.6815 ms 
[15:05:18 INF] HTTP GET /js/displayBoard.js responded 304 in 0.5235 ms 
[15:05:18 INF] HTTP GET /logo_tam-minh-duc.png responded 304 in 0.4787 ms 
[15:05:49 INF] HTTP GET /cdha/room/Ph%C3%B2ng%20si%C3%AAu%20%C3%A2m%201 responded 304 in 5.1433 ms 
[15:05:49 INF] HTTP GET /logo_tam-minh-duc.png responded 304 in 0.7772 ms 
[15:05:49 INF] HTTP GET /js/displayBoard.js responded 304 in 0.7989 ms 
[15:05:49 INF] HTTP GET /logo_tam-minh-duc.png responded 304 in 0.6417 ms 
[15:06:07 INF] HTTP GET /cdha/room/Ph%C3%B2ng%20si%C3%AAu%20%C3%A2m%201 responded 304 in 6.2171 ms 
[15:06:07 INF] HTTP GET /logo_tam-minh-duc.png responded 304 in 0.5884 ms 
[15:06:07 INF] HTTP GET /js/displayBoard.js responded 304 in 0.4809 ms 
[15:06:07 INF] HTTP GET /logo_tam-minh-duc.png responded 304 in 0.4434 ms 
[15:06:09 INF] HTTP GET /cdha/room/Ph%C3%B2ng%20si%C3%AAu%20%C3%A2m%201 responded 304 in 3.6072 ms 
[15:06:09 INF] HTTP GET /logo_tam-minh-duc.png responded 304 in 0.8161 ms 
[15:06:09 INF] HTTP GET /js/displayBoard.js responded 304 in 1.2420 ms 
[15:06:09 INF] HTTP GET /logo_tam-minh-duc.png responded 304 in 1.2163 ms 
[15:06:39 INF] HTTP GET /cdha/room/Ph%C3%B2ng%20si%C3%AAu%20%C3%A2m%201 responded 304 in 4.8673 ms 
[15:06:39 INF] HTTP GET /logo_tam-minh-duc.png responded 304 in 0.4561 ms 
[15:06:39 INF] HTTP GET /js/displayBoard.js responded 304 in 0.4204 ms 
[15:06:39 INF] HTTP GET /logo_tam-minh-duc.png responded 304 in 0.6194 ms 
[15:07:10 INF] HTTP GET /cdha/room/Ph%C3%B2ng%20si%C3%AAu%20%C3%A2m%201 responded 304 in 4.9110 ms 
[15:07:10 INF] HTTP GET /logo_tam-minh-duc.png responded 304 in 0.5049 ms 
[15:07:10 INF] HTTP GET /js/displayBoard.js responded 304 in 0.6985 ms 
[15:07:10 INF] HTTP GET /logo_tam-minh-duc.png responded 304 in 0.6257 ms 
[15:07:41 INF] HTTP GET /cdha/room/Ph%C3%B2ng%20si%C3%AAu%20%C3%A2m%201 responded 304 in 4.8600 ms 
[15:07:41 INF] HTTP GET /logo_tam-minh-duc.png responded 304 in 0.7038 ms 
[15:07:41 INF] HTTP GET /js/displayBoard.js responded 304 in 1.2631 ms 
[15:07:41 INF] HTTP GET /logo_tam-minh-duc.png responded 304 in 0.6464 ms 
[15:08:12 INF] HTTP GET /cdha/room/Ph%C3%B2ng%20si%C3%AAu%20%C3%A2m%201 responded 304 in 4.9808 ms 
[15:08:12 INF] HTTP GET /logo_tam-minh-duc.png responded 304 in 0.8748 ms 
[15:08:12 INF] HTTP GET /js/displayBoard.js responded 304 in 0.5983 ms 
[15:08:12 INF] HTTP GET /logo_tam-minh-duc.png responded 304 in 0.5632 ms 
[15:08:43 INF] HTTP GET /cdha/room/Ph%C3%B2ng%20si%C3%AAu%20%C3%A2m%201 responded 304 in 5.3007 ms 
[15:08:43 INF] HTTP GET /logo_tam-minh-duc.png responded 304 in 0.9594 ms 
[15:08:43 INF] HTTP GET /js/displayBoard.js responded 304 in 2.0281 ms 
[15:08:43 INF] HTTP GET /logo_tam-minh-duc.png responded 304 in 0.7096 ms 
[15:09:14 INF] HTTP GET /cdha/room/Ph%C3%B2ng%20si%C3%AAu%20%C3%A2m%201 responded 304 in 51.8484 ms 
[15:09:14 INF] HTTP GET /logo_tam-minh-duc.png responded 304 in 0.6780 ms 
[15:09:14 INF] HTTP GET /js/displayBoard.js responded 304 in 0.5726 ms 
[15:09:14 INF] HTTP GET /logo_tam-minh-duc.png responded 304 in 0.6465 ms 
[15:09:45 INF] HTTP GET /cdha/room/Ph%C3%B2ng%20si%C3%AAu%20%C3%A2m%201 responded 304 in 6.4314 ms 
[15:09:45 INF] HTTP GET /logo_tam-minh-duc.png responded 304 in 0.5684 ms 
[15:09:45 INF] HTTP GET /js/displayBoard.js responded 304 in 0.4542 ms 
[15:09:45 INF] HTTP GET /logo_tam-minh-duc.png responded 304 in 0.4886 ms 
[15:10:16 INF] HTTP GET /cdha/room/Ph%C3%B2ng%20si%C3%AAu%20%C3%A2m%201 responded 304 in 7.2722 ms 
[15:10:16 INF] HTTP GET /logo_tam-minh-duc.png responded 304 in 0.7040 ms 
[15:10:16 INF] HTTP GET /js/displayBoard.js responded 304 in 0.7684 ms 
[15:10:16 INF] HTTP GET /logo_tam-minh-duc.png responded 304 in 0.6503 ms 
[15:10:45 INF] Server running on http://localhost:3000 
[15:10:47 INF] HTTP GET /cdha/room/Ph%C3%B2ng%20si%C3%AAu%20%C3%A2m%201 responded 304 in 66.2117 ms 
[15:10:47 INF] HTTP GET /logo_tam-minh-duc.png responded 304 in 1.2741 ms 
[15:10:47 INF] HTTP GET /js/displayBoard.js responded 304 in 0.7388 ms 
[15:10:47 INF] HTTP GET /logo_tam-minh-duc.png responded 304 in 0.5548 ms 
[15:11:18 INF] HTTP GET /cdha/room/Ph%C3%B2ng%20si%C3%AAu%20%C3%A2m%201 responded 304 in 7.9565 ms 
[15:11:18 INF] HTTP GET /logo_tam-minh-duc.png responded 304 in 0.8059 ms 
[15:11:18 INF] HTTP GET /js/displayBoard.js responded 304 in 1.2737 ms 
[15:11:18 INF] HTTP GET /logo_tam-minh-duc.png responded 304 in 0.9811 ms 
[15:11:49 INF] HTTP GET /cdha/room/Ph%C3%B2ng%20si%C3%AAu%20%C3%A2m%201 responded 304 in 6.7107 ms 
[15:11:49 INF] HTTP GET /logo_tam-minh-duc.png responded 304 in 0.6944 ms 
[15:11:49 INF] HTTP GET /js/displayBoard.js responded 304 in 0.8392 ms 
[15:11:49 INF] HTTP GET /logo_tam-minh-duc.png responded 304 in 0.7044 ms 
[15:12:20 INF] HTTP GET /cdha/room/Ph%C3%B2ng%20si%C3%AAu%20%C3%A2m%201 responded 304 in 5.8534 ms 
[15:12:20 INF] HTTP GET /logo_tam-minh-duc.png responded 304 in 1.3230 ms 
[15:12:20 INF] HTTP GET /js/displayBoard.js responded 304 in 1.9784 ms 
[15:12:20 INF] HTTP GET /logo_tam-minh-duc.png responded 304 in 0.6003 ms 
[15:12:51 INF] HTTP GET /cdha/room/Ph%C3%B2ng%20si%C3%AAu%20%C3%A2m%201 responded 304 in 5.4920 ms 
[15:12:51 INF] HTTP GET /logo_tam-minh-duc.png responded 304 in 0.7201 ms 
[15:12:51 INF] HTTP GET /js/displayBoard.js responded 304 in 0.6765 ms 
[15:12:51 INF] HTTP GET /logo_tam-minh-duc.png responded 304 in 0.5810 ms 
[15:13:22 INF] HTTP GET /cdha/room/Ph%C3%B2ng%20si%C3%AAu%20%C3%A2m%201 responded 304 in 7.0711 ms 
[15:13:22 INF] HTTP GET /logo_tam-minh-duc.png responded 304 in 0.7904 ms 
[15:13:22 INF] HTTP GET /js/displayBoard.js responded 304 in 0.6524 ms 
[15:13:22 INF] HTTP GET /logo_tam-minh-duc.png responded 304 in 0.8378 ms 
[15:13:53 INF] HTTP GET /cdha/room/Ph%C3%B2ng%20si%C3%AAu%20%C3%A2m%201 responded 304 in 4.8021 ms 
[15:13:53 INF] HTTP GET /logo_tam-minh-duc.png responded 304 in 1.0638 ms 
[15:13:53 INF] HTTP GET /js/displayBoard.js responded 304 in 0.6122 ms 
[15:13:53 INF] HTTP GET /logo_tam-minh-duc.png responded 304 in 0.4882 ms 
[15:14:24 INF] HTTP GET /cdha/room/Ph%C3%B2ng%20si%C3%AAu%20%C3%A2m%201 responded 304 in 9.3242 ms 
[15:14:24 INF] HTTP GET /logo_tam-minh-duc.png responded 304 in 0.9498 ms 
[15:14:24 INF] HTTP GET /js/displayBoard.js responded 304 in 1.9028 ms 
[15:14:24 INF] HTTP GET /logo_tam-minh-duc.png responded 304 in 0.7342 ms 
[15:14:55 INF] HTTP GET /cdha/room/Ph%C3%B2ng%20si%C3%AAu%20%C3%A2m%201 responded 304 in 6.4068 ms 
[15:14:55 INF] HTTP GET /logo_tam-minh-duc.png responded 304 in 0.6165 ms 
[15:14:55 INF] HTTP GET /js/displayBoard.js responded 304 in 0.6594 ms 
[15:14:55 INF] HTTP GET /logo_tam-minh-duc.png responded 304 in 0.8941 ms 
[15:15:26 INF] HTTP GET /cdha/room/Ph%C3%B2ng%20si%C3%AAu%20%C3%A2m%201 responded 304 in 5.6942 ms 
[15:15:26 INF] HTTP GET /logo_tam-minh-duc.png responded 304 in 1.2007 ms 
[15:15:26 INF] HTTP GET /js/displayBoard.js responded 304 in 0.8530 ms 
[15:15:26 INF] HTTP GET /logo_tam-minh-duc.png responded 304 in 0.4421 ms 
[15:15:57 INF] HTTP GET /cdha/room/Ph%C3%B2ng%20si%C3%AAu%20%C3%A2m%201 responded 304 in 48.2789 ms 
[15:15:57 INF] HTTP GET /logo_tam-minh-duc.png responded 304 in 1.0897 ms 
[15:15:57 INF] HTTP GET /js/displayBoard.js responded 304 in 1.4315 ms 
[15:15:57 INF] HTTP GET /logo_tam-minh-duc.png responded 304 in 0.5870 ms 
[15:16:28 INF] HTTP GET /cdha/room/Ph%C3%B2ng%20si%C3%AAu%20%C3%A2m%201 responded 304 in 4.5509 ms 
[15:16:28 INF] HTTP GET /logo_tam-minh-duc.png responded 304 in 0.7268 ms 
[15:16:28 INF] HTTP GET /js/displayBoard.js responded 304 in 0.8004 ms 
[15:16:28 INF] HTTP GET /logo_tam-minh-duc.png responded 304 in 0.6187 ms 
[15:16:59 INF] HTTP GET /cdha/room/Ph%C3%B2ng%20si%C3%AAu%20%C3%A2m%201 responded 304 in 5.7816 ms 
[15:16:59 INF] HTTP GET /logo_tam-minh-duc.png responded 304 in 0.6315 ms 
[15:16:59 INF] HTTP GET /js/displayBoard.js responded 304 in 0.7010 ms 
[15:16:59 INF] HTTP GET /logo_tam-minh-duc.png responded 304 in 0.6332 ms 
[15:17:30 INF] HTTP GET /cdha/room/Ph%C3%B2ng%20si%C3%AAu%20%C3%A2m%201 responded 304 in 6.2013 ms 
[15:17:30 INF] HTTP GET /logo_tam-minh-duc.png responded 304 in 0.4839 ms 
[15:17:30 INF] HTTP GET /js/displayBoard.js responded 304 in 0.8362 ms 
[15:17:30 INF] HTTP GET /logo_tam-minh-duc.png responded 304 in 0.4846 ms 
[15:18:01 INF] HTTP GET /cdha/room/Ph%C3%B2ng%20si%C3%AAu%20%C3%A2m%201 responded 304 in 8.2531 ms 
[15:18:01 INF] HTTP GET /logo_tam-minh-duc.png responded 304 in 0.6058 ms 
[15:18:01 INF] HTTP GET /js/displayBoard.js responded 304 in 0.5621 ms 
[15:18:01 INF] HTTP GET /logo_tam-minh-duc.png responded 304 in 0.6218 ms 
[15:18:32 INF] HTTP GET /cdha/room/Ph%C3%B2ng%20si%C3%AAu%20%C3%A2m%201 responded 304 in 68.1831 ms 
[15:18:32 INF] HTTP GET /logo_tam-minh-duc.png responded 304 in 0.8818 ms 
[15:18:32 INF] HTTP GET /js/displayBoard.js responded 304 in 1.5732 ms 
[15:18:32 INF] HTTP GET /logo_tam-minh-duc.png responded 304 in 0.7889 ms 
[15:19:03 INF] HTTP GET /cdha/room/Ph%C3%B2ng%20si%C3%AAu%20%C3%A2m%201 responded 304 in 4.6601 ms 
[15:19:03 INF] HTTP GET /logo_tam-minh-duc.png responded 304 in 0.6616 ms 
[15:19:03 INF] HTTP GET /js/displayBoard.js responded 304 in 0.4656 ms 
[15:19:03 INF] HTTP GET /logo_tam-minh-duc.png responded 304 in 0.4652 ms 
[15:19:34 INF] HTTP GET /cdha/room/Ph%C3%B2ng%20si%C3%AAu%20%C3%A2m%201 responded 304 in 4.4541 ms 
[15:19:34 INF] HTTP GET /logo_tam-minh-duc.png responded 304 in 0.6007 ms 
[15:19:34 INF] HTTP GET /js/displayBoard.js responded 304 in 0.5055 ms 
[15:19:34 INF] HTTP GET /logo_tam-minh-duc.png responded 304 in 0.6725 ms 
[15:20:05 INF] HTTP GET /cdha/room/Ph%C3%B2ng%20si%C3%AAu%20%C3%A2m%201 responded 304 in 4.1894 ms 
[15:20:05 INF] HTTP GET /logo_tam-minh-duc.png responded 304 in 0.7144 ms 
[15:20:05 INF] HTTP GET /js/displayBoard.js responded 304 in 0.7798 ms 
[15:20:05 INF] HTTP GET /logo_tam-minh-duc.png responded 304 in 0.6057 ms 
[15:20:36 INF] HTTP GET /cdha/room/Ph%C3%B2ng%20si%C3%AAu%20%C3%A2m%201 responded 304 in 4.4592 ms 
[15:20:36 INF] HTTP GET /logo_tam-minh-duc.png responded 304 in 0.4430 ms 
[15:20:36 INF] HTTP GET /js/displayBoard.js responded 304 in 0.2993 ms 
[15:20:36 INF] HTTP GET /logo_tam-minh-duc.png responded 304 in 0.5122 ms 
[15:21:07 INF] HTTP GET /cdha/room/Ph%C3%B2ng%20si%C3%AAu%20%C3%A2m%201 responded 304 in 45.6617 ms 
[15:21:07 INF] HTTP GET /logo_tam-minh-duc.png responded 304 in 0.7320 ms 
[15:21:07 INF] HTTP GET /js/displayBoard.js responded 304 in 0.6070 ms 
[15:21:07 INF] HTTP GET /logo_tam-minh-duc.png responded 304 in 0.5382 ms 
[15:21:38 INF] HTTP GET /cdha/room/Ph%C3%B2ng%20si%C3%AAu%20%C3%A2m%201 responded 304 in 5.9401 ms 
[15:21:38 INF] HTTP GET /logo_tam-minh-duc.png responded 304 in 0.9679 ms 
[15:21:38 INF] HTTP GET /js/displayBoard.js responded 304 in 0.8341 ms 
[15:21:38 INF] HTTP GET /logo_tam-minh-duc.png responded 304 in 0.6265 ms 
[15:22:09 INF] HTTP GET /cdha/room/Ph%C3%B2ng%20si%C3%AAu%20%C3%A2m%201 responded 304 in 6.4436 ms 
[15:22:09 INF] HTTP GET /logo_tam-minh-duc.png responded 304 in 0.4715 ms 
[15:22:09 INF] HTTP GET /js/displayBoard.js responded 304 in 0.4816 ms 
[15:22:09 INF] HTTP GET /logo_tam-minh-duc.png responded 304 in 0.5562 ms 
[15:22:40 INF] HTTP GET /cdha/room/Ph%C3%B2ng%20si%C3%AAu%20%C3%A2m%201 responded 304 in 6.0411 ms 
[15:22:40 INF] HTTP GET /logo_tam-minh-duc.png responded 304 in 1.0324 ms 
[15:22:40 INF] HTTP GET /js/displayBoard.js responded 304 in 0.6831 ms 
[15:22:40 INF] HTTP GET /logo_tam-minh-duc.png responded 304 in 0.5097 ms 
[15:23:11 INF] HTTP GET /cdha/room/Ph%C3%B2ng%20si%C3%AAu%20%C3%A2m%201 responded 304 in 8.5727 ms 
[15:23:11 INF] HTTP GET /logo_tam-minh-duc.png responded 304 in 1.1070 ms 
[15:23:11 INF] HTTP GET /js/displayBoard.js responded 304 in 0.6694 ms 
[15:23:11 INF] HTTP GET /logo_tam-minh-duc.png responded 304 in 0.5172 ms 
[15:23:42 INF] HTTP GET /cdha/room/Ph%C3%B2ng%20si%C3%AAu%20%C3%A2m%201 responded 304 in 8.4937 ms 
[15:23:42 INF] HTTP GET /logo_tam-minh-duc.png responded 304 in 0.8166 ms 
[15:23:42 INF] HTTP GET /js/displayBoard.js responded 304 in 0.7065 ms 
[15:23:42 INF] HTTP GET /logo_tam-minh-duc.png responded 304 in 0.6135 ms 
[15:24:13 INF] HTTP GET /cdha/room/Ph%C3%B2ng%20si%C3%AAu%20%C3%A2m%201 responded 304 in 5.0291 ms 
[15:24:13 INF] HTTP GET /logo_tam-minh-duc.png responded 304 in 0.3884 ms 
[15:24:13 INF] HTTP GET /js/displayBoard.js responded 304 in 0.3462 ms 
[15:24:13 INF] HTTP GET /logo_tam-minh-duc.png responded 304 in 0.4803 ms 
[15:24:44 INF] HTTP GET /cdha/room/Ph%C3%B2ng%20si%C3%AAu%20%C3%A2m%201 responded 304 in 5.8429 ms 
[15:24:44 INF] HTTP GET /logo_tam-minh-duc.png responded 304 in 0.4158 ms 
[15:24:44 INF] HTTP GET /js/displayBoard.js responded 304 in 0.3220 ms 
[15:24:44 INF] HTTP GET /logo_tam-minh-duc.png responded 304 in 0.6040 ms 
[15:25:15 INF] HTTP GET /cdha/room/Ph%C3%B2ng%20si%C3%AAu%20%C3%A2m%201 responded 304 in 6.2710 ms 
[15:25:15 INF] HTTP GET /logo_tam-minh-duc.png responded 304 in 0.7067 ms 
[15:25:15 INF] HTTP GET /js/displayBoard.js responded 304 in 0.6638 ms 
[15:25:15 INF] HTTP GET /logo_tam-minh-duc.png responded 304 in 0.6185 ms 
[15:25:46 INF] HTTP GET /cdha/room/Ph%C3%B2ng%20si%C3%AAu%20%C3%A2m%201 responded 304 in 5.9125 ms 
[15:25:46 INF] HTTP GET /logo_tam-minh-duc.png responded 304 in 0.5683 ms 
[15:25:46 INF] HTTP GET /js/displayBoard.js responded 304 in 0.4988 ms 
[15:25:46 INF] HTTP GET /logo_tam-minh-duc.png responded 304 in 0.6230 ms 
[15:26:17 INF] HTTP GET /cdha/room/Ph%C3%B2ng%20si%C3%AAu%20%C3%A2m%201 responded 304 in 49.7518 ms 
[15:26:17 INF] HTTP GET /logo_tam-minh-duc.png responded 304 in 0.6905 ms 
[15:26:17 INF] HTTP GET /js/displayBoard.js responded 304 in 0.4264 ms 
[15:26:17 INF] HTTP GET /logo_tam-minh-duc.png responded 304 in 0.6561 ms 
[15:26:48 INF] HTTP GET /cdha/room/Ph%C3%B2ng%20si%C3%AAu%20%C3%A2m%201 responded 304 in 6.4897 ms 
[15:26:48 INF] HTTP GET /logo_tam-minh-duc.png responded 304 in 0.5810 ms 
[15:26:48 INF] HTTP GET /js/displayBoard.js responded 304 in 0.5841 ms 
[15:26:48 INF] HTTP GET /logo_tam-minh-duc.png responded 304 in 0.7222 ms 
[15:27:19 INF] HTTP GET /cdha/room/Ph%C3%B2ng%20si%C3%AAu%20%C3%A2m%201 responded 304 in 8.1503 ms 
[15:27:19 INF] HTTP GET /logo_tam-minh-duc.png responded 304 in 0.6571 ms 
[15:27:19 INF] HTTP GET /js/displayBoard.js responded 304 in 0.5031 ms 
[15:27:19 INF] HTTP GET /logo_tam-minh-duc.png responded 304 in 0.6456 ms 
[15:27:50 INF] HTTP GET /cdha/room/Ph%C3%B2ng%20si%C3%AAu%20%C3%A2m%201 responded 304 in 6.7354 ms 
[15:27:50 INF] HTTP GET /logo_tam-minh-duc.png responded 304 in 0.6149 ms 
[15:27:50 INF] HTTP GET /js/displayBoard.js responded 304 in 0.7504 ms 
[15:27:50 INF] HTTP GET /logo_tam-minh-duc.png responded 304 in 0.5173 ms 
[15:28:21 INF] HTTP GET /cdha/room/Ph%C3%B2ng%20si%C3%AAu%20%C3%A2m%201 responded 304 in 4.2145 ms 
[15:28:21 INF] HTTP GET /logo_tam-minh-duc.png responded 304 in 0.4322 ms 
[15:28:21 INF] HTTP GET /js/displayBoard.js responded 304 in 0.4842 ms 
[15:28:21 INF] HTTP GET /logo_tam-minh-duc.png responded 304 in 0.6951 ms 
[15:28:52 INF] HTTP GET /cdha/room/Ph%C3%B2ng%20si%C3%AAu%20%C3%A2m%201 responded 304 in 7.4253 ms 
[15:28:52 INF] HTTP GET /logo_tam-minh-duc.png responded 304 in 0.7678 ms 
[15:28:52 INF] HTTP GET /js/displayBoard.js responded 304 in 0.7264 ms 
[15:28:52 INF] HTTP GET /logo_tam-minh-duc.png responded 304 in 0.5229 ms 
[15:29:23 INF] HTTP GET /cdha/room/Ph%C3%B2ng%20si%C3%AAu%20%C3%A2m%201 responded 304 in 5.1989 ms 
[15:29:23 INF] HTTP GET /logo_tam-minh-duc.png responded 304 in 0.5893 ms 
[15:29:23 INF] HTTP GET /js/displayBoard.js responded 304 in 0.3675 ms 
[15:29:23 INF] HTTP GET /logo_tam-minh-duc.png responded 304 in 0.5987 ms 
[15:29:54 INF] HTTP GET /cdha/room/Ph%C3%B2ng%20si%C3%AAu%20%C3%A2m%201 responded 304 in 6.0952 ms 
[15:29:54 INF] HTTP GET /logo_tam-minh-duc.png responded 304 in 0.6197 ms 
[15:29:54 INF] HTTP GET /js/displayBoard.js responded 304 in 0.4048 ms 
[15:29:54 INF] HTTP GET /logo_tam-minh-duc.png responded 304 in 0.4765 ms 
[15:30:25 INF] HTTP GET /cdha/room/Ph%C3%B2ng%20si%C3%AAu%20%C3%A2m%201 responded 304 in 4.6692 ms 
[15:30:25 INF] HTTP GET /logo_tam-minh-duc.png responded 304 in 0.5742 ms 
[15:30:25 INF] HTTP GET /js/displayBoard.js responded 304 in 0.3560 ms 
[15:30:25 INF] HTTP GET /logo_tam-minh-duc.png responded 304 in 0.8776 ms 
[15:30:56 INF] HTTP GET /cdha/room/Ph%C3%B2ng%20si%C3%AAu%20%C3%A2m%201 responded 304 in 4.6464 ms 
[15:30:56 INF] HTTP GET /logo_tam-minh-duc.png responded 304 in 0.7245 ms 
[15:30:56 INF] HTTP GET /js/displayBoard.js responded 304 in 0.6317 ms 
[15:30:56 INF] HTTP GET /logo_tam-minh-duc.png responded 304 in 0.6544 ms 
[15:31:27 INF] HTTP GET /cdha/room/Ph%C3%B2ng%20si%C3%AAu%20%C3%A2m%201 responded 304 in 52.8509 ms 
[15:31:27 INF] HTTP GET /logo_tam-minh-duc.png responded 304 in 0.3898 ms 
[15:31:27 INF] HTTP GET /js/displayBoard.js responded 304 in 0.4722 ms 
[15:31:27 INF] HTTP GET /logo_tam-minh-duc.png responded 304 in 0.5657 ms 
